codigo_postal,nombre,tipo,municipio_id,estado_id
20000,Aguascalientes Centro,Colonia,Aguascalientes,01
20010,Colinas del Rio,Fraccionamiento,Aguascalientes,01
20010,Olivares Santana,Colonia,Aguascalientes,01
20010,Las Brisas,Fraccionamiento,Aguascalientes,01
20010,Ramon Romo Franco,Fraccionamiento,Aguascalientes,01
20010,San Cayetano,Fraccionamiento,Aguascalientes,01
20016,Colinas de San Ignacio,Fraccionamiento,Aguascalientes,01
20016,La Fundición,Fraccionamiento,Aguascalientes,01
20016,Fundición II,Fraccionamiento,Aguascalientes,01
20016,Los Sauces,Fraccionamiento,Aguascalientes,01
20018,Línea de Fuego,Colonia,Aguascalientes,01
20020,Buenos Aires,Colonia,Aguascalientes,01
20020,Circunvalación Norte,Fraccionamiento,Aguascalientes,01
20020,Las Arboledas,Fraccionamiento,Aguascalientes,01
20020,Villas de San Francisco,Fraccionamiento,Aguascalientes,01
20029,Villas de La Universidad,Fraccionamiento,Aguascalientes,01
20030,El Sol,Fraccionamiento,Aguascalientes,01
20030,Gremial,Colonia,Aguascalientes,01
20030,Industrial,Colonia,Aguascalientes,01
20040,Altavista,Colonia,Aguascalientes,01
20040,Curtidores,Colonia,Aguascalientes,01
20040,La Concordia,Fraccionamiento,Aguascalientes,01
20040,Miravalle,Colonia,Aguascalientes,01
20040,Panorama,Fraccionamiento,Aguascalientes,01
20040,Residencial Guadalupe,Fraccionamiento,Aguascalientes,01
20049,Colinas del Poniente,Fraccionamiento,Aguascalientes,01
20050,Bugambilias,Condominio,Aguascalientes,01
20050,Del Carmen,Colonia,Aguascalientes,01
20050,La Fe,Colonia,Aguascalientes,01
20050,Primavera,Colonia,Aguascalientes,01
20050,San Pablo,Colonia,Aguascalientes,01
20059,Guadalupe,Colonia,Aguascalientes,01
20059,Heliodoro Garcia,Colonia,Aguascalientes,01
20060,Gómez,Fraccionamiento,Aguascalientes,01
20060,Moderno,Fraccionamiento,Aguascalientes,01
20064,Valle del Rio San Pedro,Fraccionamiento,Aguascalientes,01
20070,Guadalupe Posada,Unidad habitacional,Aguascalientes,01
20070,San Marcos,Colonia,Aguascalientes,01
20070,San Marcos,Barrio,Aguascalientes,01
20078,San Marcos,Fraccionamiento,Aguascalientes,01
20080,Modelo,Fraccionamiento,Aguascalientes,01
20080,Residencial del Valle I,Fraccionamiento,Aguascalientes,01
20089,Residencial del Valle II,Fraccionamiento,Aguascalientes,01
20100,La Herradura,Fraccionamiento,Aguascalientes,01
20100,Club Campestre,Fraccionamiento,Aguascalientes,01
20100,Jardines del Campestre,Condominio,Aguascalientes,01
20100,Los Vergeles,Fraccionamiento,Aguascalientes,01
20100,Ciudad Universitaria,Equipamiento,Aguascalientes,01
20100,Rancho San Antonio,Condominio,Aguascalientes,01
20110,Granjas del Campestre,Fraccionamiento,Aguascalientes,01
20110,Puerto las Hadas,Condominio,Aguascalientes,01
20110,Valle del Campestre,Fraccionamiento,Aguascalientes,01
20110,Villas de Montenegro,Fraccionamiento,Aguascalientes,01
20110,Las Cavas,Fraccionamiento,Aguascalientes,01
20110,La Enramada,Fraccionamiento,Aguascalientes,01
20110,Talamantes Ponce,Colonia,Aguascalientes,01
20115,Trojes de Oriente,Fraccionamiento,Aguascalientes,01
20115,Valle de las Trojes,Fraccionamiento,Aguascalientes,01
20115,Villas de San Nicolás,Fraccionamiento,Aguascalientes,01
20115,San Telmo,Fraccionamiento,Aguascalientes,01
20115,La Paloma,Condominio,Aguascalientes,01
20115,Barrio de Santiago,Fraccionamiento,Aguascalientes,01
20115,Villa de las Trojes,Fraccionamiento,Aguascalientes,01
20115,Valle de Santa Teresa,Fraccionamiento,Aguascalientes,01
20116,La Troje,Fraccionamiento,Aguascalientes,01
20116,Trojes de Alonso,Colonia,Aguascalientes,01
20116,San Telmo Residencial,Fraccionamiento,Aguascalientes,01
20116,Santa Fe,Condominio,Aguascalientes,01
20118,Las Trojes,Condominio,Aguascalientes,01
20118,Misión del Campanario,Fraccionamiento,Aguascalientes,01
20118,Trojes de Cristal,Fraccionamiento,Aguascalientes,01
20118,Trojes del Sol,Condominio,Aguascalientes,01
20118,Residencial Santa Clara,Fraccionamiento,Aguascalientes,01
20118,Misión de Santiago,Fraccionamiento,Aguascalientes,01
20118,Andora Residencial,Condominio,Aguascalientes,01
20118,Cadaqués Residencial,Condominio,Aguascalientes,01
20118,Valle del Campanario,Fraccionamiento,Aguascalientes,01
20118,Los Calicantos,Fraccionamiento,Aguascalientes,01
20118,Las Misiones,Fraccionamiento,Aguascalientes,01
20118,Los Jarales,Condominio,Aguascalientes,01
20118,Cerrada El Molino,Condominio,Aguascalientes,01
20118,Valle Real,Fraccionamiento,Aguascalientes,01
20118,Terzetto,Condominio,Aguascalientes,01
20118,Cerrada de La Misión,Fraccionamiento,Aguascalientes,01
20118,Cerrada del Valle,Fraccionamiento,Aguascalientes,01
20118,Cerrada de la Mezquitera,Fraccionamiento,Aguascalientes,01
20119,Lomas del Campestre 2a Sección,Fraccionamiento,Aguascalientes,01
20119,Villas del Campestre,Fraccionamiento,Aguascalientes,01
20120,Jardines de la Concepción,Fraccionamiento,Aguascalientes,01
20120,Los Bosques,Fraccionamiento,Aguascalientes,01
20120,Rinconada los Bosques,Condominio,Aguascalientes,01
20123,La Perla Norte,Condominio,Aguascalientes,01
20123,Arroyo El Molino,Fraccionamiento,Aguascalientes,01
20124,Galerías,Zona comercial,Aguascalientes,01
20124,Residencial Altaria,Fraccionamiento,Aguascalientes,01
20126,Los Naranjos,Fraccionamiento,Aguascalientes,01
20126,Villa de Nuestra Señora de La Asunción Sector Guadalupe,Fraccionamiento,Aguascalientes,01
20126,Villa Teresa,Fraccionamiento,Aguascalientes,01
20126,Cartagena 1947,Fraccionamiento,Aguascalientes,01
20126,Villas de La Convención,Fraccionamiento,Aguascalientes,01
20126,Lomas de La Asunción,Fraccionamiento,Aguascalientes,01
20126,Villa de Nuestra Señora de La Asunción Sector Encino,Fraccionamiento,Aguascalientes,01
20126,Villa de Nuestra Señora de La Asunción Sector Alameda,Fraccionamiento,Aguascalientes,01
20126,San José de Pozo Bravo,Fraccionamiento,Aguascalientes,01
20126,Villa de Nuestra Señora de La Asunción Sector San Marcos,Fraccionamiento,Aguascalientes,01
20126,Villa de Nuestra Señora de La Asunción Sector Estación,Fraccionamiento,Aguascalientes,01
20126,Las Plazas,Condominio,Aguascalientes,01
20126,El Rosedal,Fraccionamiento,Aguascalientes,01
20126,Natura,Fraccionamiento,Aguascalientes,01
20126,Montebello Della Stanza,Fraccionamiento,Aguascalientes,01
20126,Villa Notre Dame,Condominio,Aguascalientes,01
20126,Privada Guadalupe,Condominio,Aguascalientes,01
20126,Rinconada Pozo Bravo,Fraccionamiento,Aguascalientes,01
20126,Pozo Bravo Sur,Fraccionamiento,Aguascalientes,01
20126,Villa Loma Dorada,Fraccionamiento,Aguascalientes,01
20126,Jardines de Montebello,Fraccionamiento,Aguascalientes,01
20126,Villas del Río,Fraccionamiento,Aguascalientes,01
20126,El Puertecito,Fraccionamiento,Aguascalientes,01
20126,Rinconada del Puertecito,Fraccionamiento,Aguascalientes,01
20126,Constitución,Fraccionamiento,Aguascalientes,01
20126,Libertad,Fraccionamiento,Aguascalientes,01
20126,Pozo Bravo Norte,Fraccionamiento,Aguascalientes,01
20126,Soberana Convención Revolucionaria,Fraccionamiento,Aguascalientes,01
20126,Villa Montaña,Fraccionamiento,Aguascalientes,01
20126,Villas de Don Antonio,Fraccionamiento,Aguascalientes,01
20126,Los Ángeles,Fraccionamiento,Aguascalientes,01
20126,Capittala,Fraccionamiento,Aguascalientes,01
20126,Recinto de la Macarena,Fraccionamiento,Aguascalientes,01
20126,Nápoli,Condominio,Aguascalientes,01
20126,La Soledad,Rancho,Aguascalientes,01
20127,Bosques del Prado Norte,Fraccionamiento,Aguascalientes,01
20128,Sartenejo,Rancho,Aguascalientes,01
20129,Lomas del Campestre 1a Sección,Fraccionamiento,Aguascalientes,01
20130,Bosques del Prado Sur,Fraccionamiento,Aguascalientes,01
20130,El Roble,Fraccionamiento,Aguascalientes,01
20130,Fátima,Colonia,Aguascalientes,01
20130,Independencia de México,Fraccionamiento,Aguascalientes,01
20130,Nueva Rinconada,Fraccionamiento,Aguascalientes,01
20130,Primo Verdad,Colonia,Aguascalientes,01
20130,San José del Arenal,Colonia,Aguascalientes,01
20130,Unidad Ganadera,Colonia,Aguascalientes,01
20130,San Xavier,Condominio,Aguascalientes,01
20130,Residencial del Real,Fraccionamiento,Aguascalientes,01
20130,Puerta Navarra,Condominio,Aguascalientes,01
20130,Residencial Campestre Club de Golf,Condominio,Aguascalientes,01
20130,Palma Real,Fraccionamiento,Aguascalientes,01
20130,Muralia,Fraccionamiento,Aguascalientes,01
20135,Agropecuario,Zona comercial,Aguascalientes,01
20135,Centro Distribuidor de Básicos,Zona comercial,Aguascalientes,01
20136,La Rinconada,Fraccionamiento,Aguascalientes,01
20137,El Plateado,Fraccionamiento,Aguascalientes,01
20138,Residencial Pulgas Pandas Norte,Condominio,Aguascalientes,01
20138,Residencial Pulgas Pandas Sur,Condominio,Aguascalientes,01
20138,Villas del Vergel,Condominio,Aguascalientes,01
20138,Cerrada San Miguel,Fraccionamiento,Aguascalientes,01
20140,Las Hadas,Fraccionamiento,Aguascalientes,01
20140,Morelos,Colonia,Aguascalientes,01
20140,Andrea,Condominio,Aguascalientes,01
20146,Los Arcos,Fraccionamiento,Aguascalientes,01
20149,Industrial,Fraccionamiento,Aguascalientes,01
20150,Buenavista,Colonia,Aguascalientes,01
20150,C.T.M.,Fraccionamiento,Aguascalientes,01
20150,La Estrella,Fraccionamiento,Aguascalientes,01
20150,Macias Arellano,Colonia,Aguascalientes,01
20150,Trento,Condominio,Aguascalientes,01
20150,Nueva Andalucia Coto Residencial,Condominio,Aguascalientes,01
20150,Váltica,Condominio,Aguascalientes,01
20150,Lomas del Cobano,Colonia,Aguascalientes,01
20157,La Higuerilla,Colonia,Aguascalientes,01
20157,Parras,Fraccionamiento,Aguascalientes,01
20158,El Cobano,Fraccionamiento,Aguascalientes,01
20158,Hacienda el Cobano,Fraccionamiento,Aguascalientes,01
20158,Trojes del Cobano,Fraccionamiento,Aguascalientes,01
20158,Villas del Cobano,Fraccionamiento,Aguascalientes,01
20159,Alianza Ferrocarrilera,Fraccionamiento,Aguascalientes,01
20159,Bosques del Prado Oriente,Fraccionamiento,Aguascalientes,01
20160,Francisco Guel Jimenez,Colonia,Aguascalientes,01
20160,Las Viñas INFONAVIT,Unidad habitacional,Aguascalientes,01
20164,Santa Anita 4a Sección,Colonia,Aguascalientes,01
20169,Santa Anita,Fraccionamiento,Aguascalientes,01
20170,El Maguey,Fraccionamiento,Aguascalientes,01
20170,Las Cumbres,Condominio,Aguascalientes,01
20170,Lic Benito Juárez,Unidad habitacional,Aguascalientes,01
20170,Nazario Ortiz Garza,Fraccionamiento,Aguascalientes,01
20170,Rodolfo Landeros Gallegos,Fraccionamiento,Aguascalientes,01
20170,S.T.E.M.A.,Fraccionamiento,Aguascalientes,01
20170,Zona Militar,Colonia,Aguascalientes,01
20170,Villa Bonita,Fraccionamiento,Aguascalientes,01
20172,Lic Benito Palomino Dena,Fraccionamiento,Aguascalientes,01
20172,Anexo Benito Palomino Dena (Cumbres II),Fraccionamiento,Aguascalientes,01
20172,La Florida l,Fraccionamiento,Aguascalientes,01
20172,La Florida ll,Fraccionamiento,Aguascalientes,01
20172,Claustros Loma Dorada,Fraccionamiento,Aguascalientes,01
20172,Cumbres III,Colonia,Aguascalientes,01
20174,Lomas de Bellavista,Fraccionamiento,Aguascalientes,01
20174,Lomas de las Fuentes,Fraccionamiento,Aguascalientes,01
20174,Colinas de Oriente,Fraccionamiento,Aguascalientes,01
20174,Vista de las Cumbres,Fraccionamiento,Aguascalientes,01
20174,Los Laureles,Fraccionamiento,Aguascalientes,01
20174,Mirador de las Culturas,Fraccionamiento,Aguascalientes,01
20174,El Rocío,Ranchería,Aguascalientes,01
20174,Villas de la Loma,Fraccionamiento,Aguascalientes,01
20174,Los Pericos,Colonia,Aguascalientes,01
20174,Paseos del Sol,Fraccionamiento,Aguascalientes,01
20174,Miradores de Santa Elena,Fraccionamiento,Aguascalientes,01
20174,Villas de las Fuentes,Fraccionamiento,Aguascalientes,01
20175,La Hojarasca,Condominio,Aguascalientes,01
20175,Ejido las Cumbres,Fraccionamiento,Aguascalientes,01
20175,J Refugio Esparza Reyes,Colonia,Aguascalientes,01
20175,Rinconadas las Cumbres,Fraccionamiento,Aguascalientes,01
20175,Lomas de Oriente,Fraccionamiento,Aguascalientes,01
20177,C.N.O.P. Oriente,Fraccionamiento,Aguascalientes,01
20179,Las Cumbres,Fraccionamiento,Aguascalientes,01
20179,Luis Ortega Douglas,Fraccionamiento,Aguascalientes,01
20179,Pensadores Mexicanos,Fraccionamiento,Aguascalientes,01
20179,Pintores Mexicanos,Fraccionamiento,Aguascalientes,01
20179,Progreso,Colonia,Aguascalientes,01
20179,Santa Regina,Fraccionamiento,Aguascalientes,01
20179,Cerro Alto,Fraccionamiento,Aguascalientes,01
20179,Santa Margarita,Fraccionamiento,Aguascalientes,01
20180,Del Trabajo,Colonia,Aguascalientes,01
20180,Ferronales,Colonia,Aguascalientes,01
20180,Luis Gómez Zepeda (ferronales),Fraccionamiento,Aguascalientes,01
20180,Lomas de Santa Anita,Colonia,Aguascalientes,01
20180,Alameda,Fraccionamiento,Aguascalientes,01
20180,Bosques de La Alameda,Condominio,Aguascalientes,01
20180,Nueva Alameda,Fraccionamiento,Aguascalientes,01
20190,Héroes,Colonia,Aguascalientes,01
20190,La Hacienda,Condominio,Aguascalientes,01
20190,La Mancha,Condominio,Aguascalientes,01
20196,Ojocaliente I,Fraccionamiento,Aguascalientes,01
20196,Ojocaliente INEGI,Unidad habitacional,Aguascalientes,01
20196,Solidaridad 1a Sección,Fraccionamiento,Aguascalientes,01
20196,Sol Naciente,Fraccionamiento,Aguascalientes,01
20196,Villa de las Norias,Fraccionamiento,Aguascalientes,01
20196,Camino Real,Fraccionamiento,Aguascalientes,01
20196,Ribera del Sol,Fraccionamiento,Aguascalientes,01
20196,Ambrosía,Fraccionamiento,Aguascalientes,01
20196,Molino del Rey,Fraccionamiento,Aguascalientes,01
20196,El Polvorín (Mirador TV Azteca),Colonia,Aguascalientes,01
20196,Ojocaliente III,Fraccionamiento,Aguascalientes,01
20196,Ojocaliente II,Fraccionamiento,Aguascalientes,01
20196,José Guadalupe Peralta Gámez,Fraccionamiento,Aguascalientes,01
20196,Haciendas de Aguascalientes,Fraccionamiento,Aguascalientes,01
20196,Villerías,Fraccionamiento,Aguascalientes,01
20196,Vistas de Oriente,Fraccionamiento,Aguascalientes,01
20196,Real de Haciendas,Fraccionamiento,Aguascalientes,01
20196,Valle de los Cactus,Fraccionamiento,Aguascalientes,01
20196,Colinas de San Patricio,Fraccionamiento,Aguascalientes,01
20196,Balcones de Oriente,Fraccionamiento,Aguascalientes,01
20196,Terra Nova,Fraccionamiento,Aguascalientes,01
20196,José Guadalupe Posada,Fraccionamiento,Aguascalientes,01
20196,Comunidad el Rocío,Colonia,Aguascalientes,01
20196,Paseo de los Cactus,Fraccionamiento,Aguascalientes,01
20196,Balcones del Valle,Fraccionamiento,Aguascalientes,01
20196,Real del Sol,Fraccionamiento,Aguascalientes,01
20198,Ex Hacienda Ojocaliente,Colonia,Aguascalientes,01
20198,Ejido Ojocaliente,Fraccionamiento,Aguascalientes,01
20198,Misión Alameda,Condominio,Aguascalientes,01
20199,El Riego,Colonia,Aguascalientes,01
20199,Fidel Velázquez,Unidad habitacional,Aguascalientes,01
20199,Municipio Libre,Fraccionamiento,Aguascalientes,01
20199,Rinconada Alameda,Condominio,Aguascalientes,01
20200,Xenia Residencial,Condominio,Aguascalientes,01
20200,Vergel de la Cantera,Fraccionamiento,Aguascalientes,01
20200,Balandra,Condominio,Aguascalientes,01
20200,Carmel,Condominio,Aguascalientes,01
20200,Cantelli Residencial,Fraccionamiento,Aguascalientes,01
20200,Villas de La Cantera,Fraccionamiento,Aguascalientes,01
20200,Lic Manuel Gómez Morin,Fraccionamiento,Aguascalientes,01
20200,Residencial San Nicolás,Fraccionamiento,Aguascalientes,01
20200,Villas del Mediterráneo,Fraccionamiento,Aguascalientes,01
20200,Ex Hacienda La Cantera,Fraccionamiento,Aguascalientes,01
20200,José Vasconcelos Calderón,Fraccionamiento,Aguascalientes,01
20200,Porta Canteras,Fraccionamiento,Aguascalientes,01
20200,Veteranos de la Revolución,Colonia,Aguascalientes,01
20200,Fuentes del Lago,Condominio,Aguascalientes,01
20200,El Quelite,Fraccionamiento,Aguascalientes,01
20200,Olinda,Fraccionamiento,Aguascalientes,01
20200,Bellavista,Condominio,Aguascalientes,01
20200,Loma Bonita,Fraccionamiento,Aguascalientes,01
20200,Nueva Castilla,Condominio,Aguascalientes,01
20205,Educación Álamos,Fraccionamiento,Aguascalientes,01
20205,Nueva España,Colonia,Aguascalientes,01
20206,Lic. José López Portillo,Fraccionamiento,Aguascalientes,01
20206,La Barranquilla,Colonia,Aguascalientes,01
20206,Barandales de San José,Colonia,Aguascalientes,01
20207,Canteras de San Javier,Fraccionamiento,Aguascalientes,01
20207,Capital City,Zona comercial,Aguascalientes,01
20207,Rinconada San José,Fraccionamiento,Aguascalientes,01
20208,Canteras de San José,Fraccionamiento,Aguascalientes,01
20210,Circunvalación Poniente,Fraccionamiento,Aguascalientes,01
20210,España,Fraccionamiento,Aguascalientes,01
20210,La Barranca de Guadalupe,Colonia,Aguascalientes,01
20210,Pirules INFONAVIT,Colonia,Aguascalientes,01
20217,Residencial los Pirules,Fraccionamiento,Aguascalientes,01
20218,Canteras de Santa Imelda,Fraccionamiento,Aguascalientes,01
20218,Francisco Villa,Colonia,Aguascalientes,01
20218,Jardines del Lago,Fraccionamiento,Aguascalientes,01
20218,Tahona Residencial,Fraccionamiento,Aguascalientes,01
20218,Santa Bárbara,Condominio,Aguascalientes,01
20218,Privanza Lucerna,Condominio,Aguascalientes,01
20218,Granna,Condominio,Aguascalientes,01
20218,San Martin de La Cantera,Colonia,Aguascalientes,01
20218,Canteras de San Agustin,Condominio,Aguascalientes,01
20218,Santa Imelda,Condominio,Aguascalientes,01
20218,Los Eucaliptos 2a. Sección,Condominio,Aguascalientes,01
20218,Los Eucaliptos,Condominio,Aguascalientes,01
20218,San Agustín,Rancho,Aguascalientes,01
20219,El Edén,Colonia,Aguascalientes,01
20219,Parque Industrial el Vergel,Fraccionamiento,Aguascalientes,01
20219,Misión Juan Pablo II,Condominio,Aguascalientes,01
20220,Las Flores,Colonia,Aguascalientes,01
20220,Vivienda Popular,Unidad habitacional,Aguascalientes,01
20229,Las Torres,Fraccionamiento,Aguascalientes,01
20230,Las Américas,Fraccionamiento,Aguascalientes,01
20230,Obraje,Colonia,Aguascalientes,01
20230,Santa Elena,Fraccionamiento,Aguascalientes,01
20234,Agricultura,Colonia,Aguascalientes,01
20235,Valle Dorado,Fraccionamiento,Aguascalientes,01
20235,Villa Jardín,Fraccionamiento,Aguascalientes,01
20235,El Dorado 1a Sección,Fraccionamiento,Aguascalientes,01
20235,El Dorado 2a Sección,Fraccionamiento,Aguascalientes,01
20236,Jardines de Santa Elena,Colonia,Aguascalientes,01
20237,Hermanos Carreón,Fraccionamiento,Aguascalientes,01
20237,Montebello,Fraccionamiento,Aguascalientes,01
20238,Santa Elena 2a Sección,Colonia,Aguascalientes,01
20239,La Fuente,Fraccionamiento,Aguascalientes,01
20240,El Encino,Barrio,Aguascalientes,01
20240,El Laurel,Colonia,Aguascalientes,01
20240,La Luna,Fraccionamiento,Aguascalientes,01
20240,La Salud,Barrio,Aguascalientes,01
20240,Los Virreyes,Condominio,Aguascalientes,01
20240,El Llanito,Colonia,Aguascalientes,01
20240,Residencial el Encino,Fraccionamiento,Aguascalientes,01
20240,Triana,Fraccionamiento,Aguascalientes,01
20240,Residencial Cosío,Fraccionamiento,Aguascalientes,01
20240,Triana,Condominio,Aguascalientes,01
20247,San Fernando INFONAVIT,Unidad habitacional,Aguascalientes,01
20248,Jardines de Triana,Fraccionamiento,Aguascalientes,01
20249,Gámez,Fraccionamiento,Aguascalientes,01
20250,Jesús Gómez Portugal,Fraccionamiento,Aguascalientes,01
20250,Héroes de Aguascalientes,Fraccionamiento,Aguascalientes,01
20250,Jardines de La Cruz,Fraccionamiento,Aguascalientes,01
20250,La Huerta,Colonia,Aguascalientes,01
20250,San Luis,Colonia,Aguascalientes,01
20250,Vivienda Militar,Fraccionamiento,Aguascalientes,01
20250,Villas de Kristal,Condominio,Aguascalientes,01
20255,Bona Gens,Fraccionamiento,Aguascalientes,01
20255,INFONAVIT Los Volcanes,Unidad habitacional,Aguascalientes,01
20256,FOVISSSTE Ojocaliente I,Unidad habitacional,Aguascalientes,01
20256,Ojocaliente FOVISSSTE II,Condominio,Aguascalientes,01
20256,Ojocaliente las Torres,Fraccionamiento,Aguascalientes,01
20256,Rinconada de La Cruz,Fraccionamiento,Aguascalientes,01
20256,Villas de Ojocaliente,Fraccionamiento,Aguascalientes,01
20256,Parque y Presa del Cedazo,Equipamiento,Aguascalientes,01
20257,Lázaro Cárdenas,Unidad habitacional,Aguascalientes,01
20259,La Estación,Barrio,Aguascalientes,01
20259,La Purísima,Barrio,Aguascalientes,01
20260,IV Centenario,Unidad habitacional,Aguascalientes,01
20260,Jesús Terán Peredo,Fraccionamiento,Aguascalientes,01
20260,Ojo de Agua,Colonia,Aguascalientes,01
20260,Sidusa,Colonia,Aguascalientes,01
20260,Rinconada El Cedazo,Condominio,Aguascalientes,01
20263,Agua Clara,Fraccionamiento,Aguascalientes,01
20263,Balcones de Ojocaliente,Fraccionamiento,Aguascalientes,01
20263,Cielo Claro,Fraccionamiento,Aguascalientes,01
20263,Lomas del Chapulín,Fraccionamiento,Aguascalientes,01
20263,Ojo de Agua de Palmitas,Colonia,Aguascalientes,01
20263,Salto de Ojocaliente,Fraccionamiento,Aguascalientes,01
20263,Solidaridad 2a Sección,Fraccionamiento,Aguascalientes,01
20263,Solidaridad 3a Sección,Fraccionamiento,Aguascalientes,01
20263,Tierra Buena,Fraccionamiento,Aguascalientes,01
20263,Rinconada San Antonio I,Fraccionamiento,Aguascalientes,01
20263,Cima del Chapulín,Fraccionamiento,Aguascalientes,01
20263,Cobano de Palmitas,Fraccionamiento,Aguascalientes,01
20263,San Jorge,Fraccionamiento,Aguascalientes,01
20263,La Lomita,Fraccionamiento,Aguascalientes,01
20263,Villa las Palmas,Fraccionamiento,Aguascalientes,01
20263,Bajío de las Palmas,Fraccionamiento,Aguascalientes,01
20263,Lomas del Gachupín,Fraccionamiento,Aguascalientes,01
20263,El Cedazo,Fraccionamiento,Aguascalientes,01
20263,San Ángel,Fraccionamiento,Aguascalientes,01
20263,Villa Taurina,Fraccionamiento,Aguascalientes,01
20264,Morelos INFONAVIT,Unidad habitacional,Aguascalientes,01
20264,Vista del Sol 2a Sección,Fraccionamiento,Aguascalientes,01
20264,Vista del Sol 3a Sección,Fraccionamiento,Aguascalientes,01
20264,Vista del Sol 1a Sección,Fraccionamiento,Aguascalientes,01
20265,Ojo de Agua INFONAVIT,Unidad habitacional,Aguascalientes,01
20266,Jardines del Sol,Fraccionamiento,Aguascalientes,01
20266,La Cruz,Colonia,Aguascalientes,01
20266,Misión de Santa Fe,Colonia,Aguascalientes,01
20267,S.T.E.M.A.,Condominio,Aguascalientes,01
20267,Jardines de La Convención,Colonia,Aguascalientes,01
20267,Ojo de Agua FOVISSSTE 1a Sección,Unidad habitacional,Aguascalientes,01
20267,Lic Primo Verdad INEGI,Condominio,Aguascalientes,01
20268,Fuentes de La Asunción,Fraccionamiento,Aguascalientes,01
20269,Jardines de La Luz,Colonia,Aguascalientes,01
20270,Mesonero,Fraccionamiento,Aguascalientes,01
20270,Bulevar,Fraccionamiento,Aguascalientes,01
20270,El Caminero,Fraccionamiento,Aguascalientes,01
20270,Jardines de Aguascalientes,Fraccionamiento,Aguascalientes,01
20270,Jardines de La Asunción,Colonia,Aguascalientes,01
20270,Las Canoas,Colonia,Aguascalientes,01
20270,Lindavista,Fraccionamiento,Aguascalientes,01
20270,México,Fraccionamiento,Aguascalientes,01
20270,Los Cedros,Fraccionamiento,Aguascalientes,01
20276,Jardines de las Bugambilias,Colonia,Aguascalientes,01
20276,Jardines del Parque,Fraccionamiento,Aguascalientes,01
20276,Jardines de Alejandría,Condominio,Aguascalientes,01
20277,Pirámides,Fraccionamiento,Aguascalientes,01
20277,Residencial del Parque,Fraccionamiento,Aguascalientes,01
20277,Rinconada del Parque,Condominio,Aguascalientes,01
20278,Jardines de las Fuentes,Fraccionamiento,Aguascalientes,01
20280,San Pedro,Colonia,Aguascalientes,01
20280,Torres de San Francisco,Fraccionamiento,Aguascalientes,01
20280,Trojes del Sur,Fraccionamiento,Aguascalientes,01
20280,Australis,Condominio,Aguascalientes,01
20280,Conjunto San Francisco,Fraccionamiento,Aguascalientes,01
20280,Villas de San José,Fraccionamiento,Aguascalientes,01
20280,Casasolida,Fraccionamiento,Aguascalientes,01
20280,Central de Abastos,Zona comercial,Aguascalientes,01
20280,Jardines del Sur,Colonia,Aguascalientes,01
20280,Martinez Dominguez,Colonia,Aguascalientes,01
20280,Prados de Villasunción,Fraccionamiento,Aguascalientes,01
20280,Prados del Sur,Fraccionamiento,Aguascalientes,01
20280,San Francisco del Arenal,Colonia,Aguascalientes,01
20283,Kerarta,Condominio,Aguascalientes,01
20283,Parque Industrial Siglo XXI,Zona industrial,Aguascalientes,01
20284,La Casita,Fraccionamiento,Aguascalientes,01
20284,La Estancia,Fraccionamiento,Aguascalientes,01
20284,INFONAVIT Potreros del Oeste,Unidad habitacional,Aguascalientes,01
20284,Villas de Santa Rosa,Fraccionamiento,Aguascalientes,01
20284,Villas del Oeste,Fraccionamiento,Aguascalientes,01
20284,Vistas del Sur,Fraccionamiento,Aguascalientes,01
20284,Rinconada del Sur,Fraccionamiento,Aguascalientes,01
20284,Villas del Encino,Fraccionamiento,Aguascalientes,01
20285,Versalles 1a Sección,Fraccionamiento,Aguascalientes,01
20285,Versalles 2a Sección,Fraccionamiento,Aguascalientes,01
20286,Bosque Real,Condominio,Aguascalientes,01
20286,Rancho Santa Mónica,Fraccionamiento,Aguascalientes,01
20286,Vicente Guerrero,Colonia,Aguascalientes,01
20286,Villas del Pilar 1a Sección,Fraccionamiento,Aguascalientes,01
20286,Barlovento,Condominio,Aguascalientes,01
20286,Abadía,Condominio,Aguascalientes,01
20286,Mangata,Condominio,Aguascalientes,01
20286,Caranday,Condominio,Aguascalientes,01
20286,Amura,Condominio,Aguascalientes,01
20286,Luzia,Condominio,Aguascalientes,01
20286,Villas San Antonio,Fraccionamiento,Aguascalientes,01
20286,Providencia,Condominio,Aguascalientes,01
20286,Rinconada Santa Mónica,Fraccionamiento,Aguascalientes,01
20286,Paseos de Santa Mónica,Condominio,Aguascalientes,01
20287,Insurgentes,Fraccionamiento,Aguascalientes,01
20288,Bulevares 1a. Sección,Fraccionamiento,Aguascalientes,01
20288,Bulevares 2a. Sección,Fraccionamiento,Aguascalientes,01
20289,Pilar Blanco INFONAVIT,Unidad habitacional,Aguascalientes,01
20290,Ciudad Industrial,Zona industrial,Aguascalientes,01
20290,Vista Alegre,Fraccionamiento,Aguascalientes,01
20290,Parque Industrial ALTEC,Fraccionamiento,Aguascalientes,01
20296,Rústicos Calpulli,Fraccionamiento,Aguascalientes,01
20296,Reserva San Matías,Condominio,Aguascalientes,01
20296,Villas de Bonaterra,Condominio,Aguascalientes,01
20296,San Francisco de los Arteaga,Fraccionamiento,Aguascalientes,01
20296,Residencial San Javier,Fraccionamiento,Aguascalientes,01
20296,Villa Sur,Fraccionamiento,Aguascalientes,01
20297,Casa Blanca,Fraccionamiento,Aguascalientes,01
20297,Jardines de Casablanca,Fraccionamiento,Aguascalientes,01
20297,Jardines de Casanueva,Fraccionamiento,Aguascalientes,01
20298,Villas de Ajedrez,Colonia,Aguascalientes,01
20298,Lomas de Vistabella,Fraccionamiento,Aguascalientes,01
20298,San Sebastián,Fraccionamiento,Aguascalientes,01
20298,Lomas del Sur,Fraccionamiento,Aguascalientes,01
20298,Lomas de Nueva York,Colonia,Aguascalientes,01
20298,Laureles del Sur,Fraccionamiento,Aguascalientes,01
20298,Lomas del Mirador,Fraccionamiento,Aguascalientes,01
20298,Misión de Santa Lucía,Fraccionamiento,Aguascalientes,01
20298,Lomas de Vistabella 2a. Sección,Fraccionamiento,Aguascalientes,01
20298,Lotes de Arellano,Fraccionamiento,Aguascalientes,01
20298,Condominio La terraza,Fraccionamiento,Aguascalientes,01
20298,Valle del Cedazo,Fraccionamiento,Aguascalientes,01
20298,Paseos de San Antonio,Fraccionamiento,Aguascalientes,01
20298,Hacienda San Marcos,Condominio,Aguascalientes,01
20298,Emiliano Zapata,Fraccionamiento,Aguascalientes,01
20298,Morelos I,Fraccionamiento,Aguascalientes,01
20298,Morelos 2a Sección,Fraccionamiento,Aguascalientes,01
20298,Solidaridad 4a Sección,Fraccionamiento,Aguascalientes,01
20298,Residencial Hacienda San Martín,Fraccionamiento,Aguascalientes,01
20298,Viñedos del Sur,Fraccionamiento,Aguascalientes,01
20298,Reserva Villa Sur,Fraccionamiento,Aguascalientes,01
20299,Lomas del Ajedrez,Fraccionamiento,Aguascalientes,01
20299,Mujeres Ilustres,Colonia,Aguascalientes,01
20299,Periodistas,Fraccionamiento,Aguascalientes,01
20299,Villa del Chapulín,Fraccionamiento,Aguascalientes,01
20299,Los Dolores,Granja,Aguascalientes,01
20299,Fundadores,Fraccionamiento,Aguascalientes,01
20299,Lomas de San Jorge,Fraccionamiento,Aguascalientes,01
20299,Reencuentro,Fraccionamiento,Aguascalientes,01
20299,Villalta,Fraccionamiento,Aguascalientes,01
20299,Lunaria,Fraccionamiento,Aguascalientes,01
20300,Panamericano,Colonia,San Francisco de los Romo,01
20300,San Francisco de los Romos Centro,Colonia,San Francisco de los Romo,01
20300,Revolución,Fraccionamiento,San Francisco de los Romo,01
20303,Hidalgo,Fraccionamiento,San Francisco de los Romo,01
20303,La Aurora,Granja,San Francisco de los Romo,01
20303,La Guadalupana,Granja,San Francisco de los Romo,01
20303,La Perla,Granja,San Francisco de los Romo,01
20303,Los Cedros,Colonia,San Francisco de los Romo,01
20303,San José Buenavista,Colonia,San Francisco de los Romo,01
20303,Cerrada San Francisco,Fraccionamiento,San Francisco de los Romo,01
20304,Fracción de la Trinidad II,Rancho,San Francisco de los Romo,01
20304,La Escondida (El Salero),Colonia,San Francisco de los Romo,01
20304,Monserrat,Granja,San Francisco de los Romo,01
20304,San José del Barranco,Colonia,San Francisco de los Romo,01
20304,San Juan,Granja,San Francisco de los Romo,01
20304,28 de Abril,Colonia,San Francisco de los Romo,01
20304,Santa Bárbara,Fraccionamiento,San Francisco de los Romo,01
20304,El Cardonal,Fraccionamiento,San Francisco de los Romo,01
20305,El Barranco,Colonia,San Francisco de los Romo,01
20305,El Refugio,Granja,San Francisco de los Romo,01
20305,Santa Elena (Elena),Granja,San Francisco de los Romo,01
20305,La Gloria,Rancho,San Francisco de los Romo,01
20305,La Paz,Ranchería,San Francisco de los Romo,01
20305,La Providencia,Colonia,San Francisco de los Romo,01
20305,La Trinidad,Granja,San Francisco de los Romo,01
20305,La Unión,Granja,San Francisco de los Romo,01
20305,Las Carmelitas,Granja,San Francisco de los Romo,01
20305,Los Lirios,Fraccionamiento,San Francisco de los Romo,01
20305,Sociedad Plan de los Sabinos,Rancho,San Francisco de los Romo,01
20305,San Ángel,Granja,San Francisco de los Romo,01
20305,San Pedro Victoria de Arriba,Rancho,San Francisco de los Romo,01
20305,Santa Anita,Rancho,San Francisco de los Romo,01
20305,Zacatenco,Granja,San Francisco de los Romo,01
20306,Los Corrales (Los Corrales Blancos),Rancho,San Francisco de los Romo,01
20306,El Chamizal,Rancho,San Francisco de los Romo,01
20306,Mary,Granja,San Francisco de los Romo,01
20306,Villa de Guadalupe,Rancho,San Francisco de los Romo,01
20306,San Pablo,Rancho,San Francisco de los Romo,01
20310,Los Negritos,Ranchería,Aguascalientes,01
20310,Coyotes,Colonia,Aguascalientes,01
20310,Viñedos Valle Redondo,Ranchería,Aguascalientes,01
20310,CERESO (Para Varones y Mujeres),Zona federal,Aguascalientes,01
20310,La Loma de los Negritos,Pueblo,Aguascalientes,01
20310,Viñedos San Felipe,Colonia,Aguascalientes,01
20313,Cuauhtémoc (Las Palomas),Ejido,Aguascalientes,01
20313,Hacienda Nueva,Ranchería,Aguascalientes,01
20314,El Cariñán,Granja,Aguascalientes,01
20316,Santa Cruz de la Presa,Ranchería,Aguascalientes,01
20316,Lomas del Picacho,Fraccionamiento,Aguascalientes,01
20320,Estación Cañada Honda,Colonia,Aguascalientes,01
20320,General José María Morelos y Pavón (Cañada Honda),Pueblo,Aguascalientes,01
20320,Las Cañadas,Fraccionamiento,Aguascalientes,01
20323,Santa María de Gallardo,Ejido,Aguascalientes,01
20324,Jaltomate,Ejido,Aguascalientes,01
20326,Loretta,Condominio,Aguascalientes,01
20326,Parque Industrial Tecnopolo 2 (PITP2),Zona industrial,Aguascalientes,01
20326,La Aurora,Condominio,Aguascalientes,01
20326,Bosque Sereno,Condominio,Aguascalientes,01
20326,Cavalia,Condominio,Aguascalientes,01
20326,Quinta los Olivos,Fraccionamiento,Aguascalientes,01
20326,Misión de San Jerónimo,Fraccionamiento,Aguascalientes,01
20326,Privada Los Olivos,Fraccionamiento,Aguascalientes,01
20326,Residencial Punta del Cielo,Fraccionamiento,Aguascalientes,01
20326,Portón San Ignacio,Fraccionamiento,Aguascalientes,01
20326,Valle de San Ignacio (El Filso),Colonia,Aguascalientes,01
20326,San Ignacio,Ejido,Aguascalientes,01
20326,La Trinidad,Fraccionamiento,Aguascalientes,01
20326,Tamarindos,Fraccionamiento,Aguascalientes,01
20326,Xaramá Entorno Residencial,Fraccionamiento,Aguascalientes,01
20326,Hacienda Paraíso,Condominio,Aguascalientes,01
20326,Albanta Norte,Condominio,Aguascalientes,01
20326,Albanta Sur,Condominio,Aguascalientes,01
20326,Belago Residence,Condominio,Aguascalientes,01
20326,Paseos Loretta,Fraccionamiento,Aguascalientes,01
20326,Puesta del Sol,Fraccionamiento,Aguascalientes,01
20326,La Soledad,Fraccionamiento,Aguascalientes,01
20326,La Rioja,Fraccionamiento,Aguascalientes,01
20326,Rinconada de San Ignacio,Condominio,Aguascalientes,01
20326,Ex-Hacienda de San Ignacio,Ranchería,Aguascalientes,01
20326,La Perla,Colonia,Aguascalientes,01
20326,San Ignacio II,Colonia,Aguascalientes,01
20326,San Ignacio III,Colonia,Aguascalientes,01
20328,Los Fresnos,Condominio,Aguascalientes,01
20328,Terranza,Condominio,Aguascalientes,01
20328,Pocitos,Colonia,Aguascalientes,01
20328,Vista Castellana,Condominio,Aguascalientes,01
20328,Vista Piamonte,Condominio,Aguascalientes,01
20328,Reserva Residencial,Condominio,Aguascalientes,01
20328,Parque Industrial Tecnopolo Pocitos,Zona industrial,Aguascalientes,01
20329,Privada Andaluz,Condominio,Aguascalientes,01
20329,Residencial Las Quintas,Fraccionamiento,Aguascalientes,01
20329,Coto Andaluz,Fraccionamiento,Aguascalientes,01
20329,La Querencia,Condominio,Aguascalientes,01
20329,Rincón Andaluz,Condominio,Aguascalientes,01
20329,La Plazuela,Condominio,Aguascalientes,01
20329,Torres Residencial Campestre Santamaría,Fraccionamiento,Aguascalientes,01
20329,La Punta Campestre,Condominio,Aguascalientes,01
20329,Contadero,Condominio,Aguascalientes,01
20329,La Joya,Condominio,Aguascalientes,01
20329,Río Viejo,Condominio,Aguascalientes,01
20330,Crucero Ojo de Agua de Crucitas,Ranchería,El Llano,01
20330,Palo Alto,Ejido,El Llano,01
20330,De Triana,Barrio,El Llano,01
20330,Palo Alto Centro,Colonia,El Llano,01
20330,Pobre,Barrio,El Llano,01
20330,Zaragoza,Barrio,El Llano,01
20330,De Abajo,Barrio,El Llano,01
20330,El Progreso,Barrio,El Llano,01
20330,El Salto,Barrio,El Llano,01
20330,El Saucito,Barrio,El Llano,01
20333,El Cotón,Rancho,El Llano,01
20333,El Milagro,Ranchería,El Llano,01
20333,Las Flores (El Cotón),Ejido,El Llano,01
20333,Licenciado Jesús Terán (El Muerto),Ejido,El Llano,01
20333,San Francisco de los Viveros,Ranchería,El Llano,01
20333,Sandovales (San Miguel de los Sandovales),Ejido,El Llano,01
20333,San Francisco de los Pedroza,Ranchería,El Llano,01
20333,El Barreno (Ampliación San Francisco),Colonia,El Llano,01
20333,El Mocho,Ranchería,El Llano,01
20333,San Gerónimo,Ranchería,El Llano,01
20333,San José (San Antonio de Montoya),Granja,El Llano,01
20334,El Novillo,Ranchería,El Llano,01
20334,La Luz,Ejido,El Llano,01
20335,El Puertecito,Ranchería,El Llano,01
20335,Ojo de Agua de Crucitas,Ejido,El Llano,01
20336,El Terremoto,Ejido,El Llano,01
20336,Francisco Sarabia (La Reforma),Ranchería,El Llano,01
20336,Los Conos,Ejido,El Llano,01
20336,Montoya,Ejido,El Llano,01
20336,Santa Rosa (El Huizache),Ejido,El Llano,01
20337,El Retoño,Ranchería,El Llano,01
20337,La Tinaja,Ejido,El Llano,01
20337,El Rosario,Rancho,El Llano,01
20338,El Copetillo,Ranchería,El Llano,01
20338,El Tildío,Ejido,El Llano,01
20338,La Unión (La Paz),Ejido,El Llano,01
20338,Rancho Nuevo,Ranchería,El Llano,01
20338,El Chonguillo (El Chonguito),Ranchería,El Llano,01
20338,El Copetillo (El Moquete),Ranchería,El Llano,01
20338,Tanque el Coyote (El Coyote),Ranchería,El Llano,01
20338,Mirasoles,Ranchería,El Llano,01
20339,San José (San José de los Rodríguez),Ranchería,El Llano,01
20339,El Centenario,Ranchería,El Llano,01
20339,Santa Rita,Ranchería,El Llano,01
20339,La Primavera,Ranchería,El Llano,01
20339,Lomas del Refugio (La Loma),Ranchería,El Llano,01
20339,Santa Elena,Colonia,El Llano,01
20339,El Llano [CERESO],Zona federal,El Llano,01
20339,Granja Temixco,Ranchería,El Llano,01
20339,El Paraíso (Santa Rita),Ranchería,El Llano,01
20339,Santa Rita Uno (Santa Rita),Ranchería,El Llano,01
20339,San Lorenzo,Ranchería,El Llano,01
20339,Santa Clara (Las Mieleras),Ranchería,El Llano,01
20339,San Agustín de los Díaz,Ranchería,El Llano,01
20339,La Lucita,Ranchería,El Llano,01
20339,La Calavera,Ranchería,El Llano,01
20339,San Antonio de la Rosa,Ranchería,El Llano,01
20339,San Ramón,Ranchería,El Llano,01
20340,Parque Industrial de Logística Automotriz (PILA),Zona industrial,Aguascalientes,01
20340,Arellano,Ejido,Aguascalientes,01
20340,Buenavista de Peñuelas,Ejido,Aguascalientes,01
20340,Peñuelas (El Cienegal),Colonia,Aguascalientes,01
20340,El Cedazo (Cedazo de San Antonio),Ejido,Aguascalientes,01
20341,El Salto de los Salado,Ranchería,Aguascalientes,01
20342,San Francisco,Ranchería,Aguascalientes,01
20342,San Gerardo,Condominio,Aguascalientes,01
20342,Santa Gertrudis,Ranchería,Aguascalientes,01
20343,San José,Ranchería,Aguascalientes,01
20344,La Rinconada (La Escondida),Ranchería,Aguascalientes,01
20344,Villa Licenciado Jesús Terán (Calvillito),Pueblo,Aguascalientes,01
20345,Montoro (Mesa del Salto),Ejido,Aguascalientes,01
20346,Los Caños,Ejido,Aguascalientes,01
20347,Dolores,Ranchería,Aguascalientes,01
20347,El Turicate,Colonia,Aguascalientes,01
20348,San Antonio de Peñuelas,Ejido,Aguascalientes,01
20349,Aguascalientes (Lic. Jesús Terán Peredo),Aeropuerto,Aguascalientes,01
20350,Los Capricornios (La Biznaga),Granja,San Francisco de los Romo,01
20350,Loretito (Charco del Toro),Ejido,San Francisco de los Romo,01
20350,Macario J Gómez,Colonia,San Francisco de los Romo,01
20350,Medio Kilo,Rancho,San Francisco de los Romo,01
20355,El Tirón (El Progreso),Rancho,San Francisco de los Romo,01
20355,María,Granja,San Francisco de los Romo,01
20355,La Concepción,Pueblo,San Francisco de los Romo,01
20355,Viñedos River,Colonia,San Francisco de los Romo,01
20355,Parque Industrial San Francisco,Zona industrial,San Francisco de los Romo,01
20355,Paseos de la Providencia,Fraccionamiento,San Francisco de los Romo,01
20355,Santa Fe,Fraccionamiento,San Francisco de los Romo,01
20355,Urbi Villa del Vergel,Fraccionamiento,San Francisco de los Romo,01
20356,Borrotes,Ranchería,San Francisco de los Romo,01
20356,Estación Chicalote,Paraje,San Francisco de los Romo,01
20357,Arellano,Colonia,San Francisco de los Romo,01
20357,Amapolas del Río,Ejido,San Francisco de los Romo,01
20357,El Tepetate,Ranchería,San Francisco de los Romo,01
20357,Rancho Nuevo,Ejido,San Francisco de los Romo,01
20358,Monteverde,Fraccionamiento,San Francisco de los Romo,01
20358,Valle de Aguascalientes,Fraccionamiento,San Francisco de los Romo,01
20358,Reserva Quetzales,Condominio,San Francisco de los Romo,01
20358,Rancho Seco,Ejido,San Francisco de los Romo,01
20358,Castelo San Francisco,Condominio,San Francisco de los Romo,01
20358,Puertecito de la Virgen,Pueblo,San Francisco de los Romo,01
20358,Parque Industrial Valle de Aguascalientes,Zona industrial,San Francisco de los Romo,01
20358,Ex-Viñedos Guadalupe,Colonia,San Francisco de los Romo,01
20358,Villas de San Felipe,Fraccionamiento,San Francisco de los Romo,01
20358,La Casita,Colonia,San Francisco de los Romo,01
20358,La Ribera,Fraccionamiento,San Francisco de los Romo,01
20358,Sendero de los Quetzales,Condominio,San Francisco de los Romo,01
20363,San Antonio de los Pedroza,Ejido,Aguascalientes,01
20363,San José de la Ordeña,Ejido,Aguascalientes,01
20364,San Nicolás de Arriba,Ranchería,Aguascalientes,01
20364,San Nicolás de en Medio,Ranchería,Aguascalientes,01
20366,La Herrada,Ranchería,Aguascalientes,01
20366,El Colorado (El Soyatal),Ejido,Aguascalientes,01
20366,El Conejal,Ejido,Aguascalientes,01
20367,2 de Octubre,Colonia,Aguascalientes,01
20367,Che Guevara,Colonia,Aguascalientes,01
20367,Tanque el Trigo,Colonia,Aguascalientes,01
20367,Norias de Ojocaliente,Ejido,Aguascalientes,01
20369,El Malacate,Ranchería,Aguascalientes,01
20370,Puerto de Nieto,Rancho,Aguascalientes,01
20371,Santa Cruz de la Presa (La Tlacuacha),Ranchería,Aguascalientes,01
20371,Ciudad de los Niños,Ranchería,Aguascalientes,01
20371,La Cotorra,Ranchería,Aguascalientes,01
20372,Cabecita 3 Marías (Rancho Nuevo),Ranchería,Aguascalientes,01
20372,El Niágara,Ranchería,Aguascalientes,01
20372,Ex-Hacienda de Agostaderito,Ranchería,Aguascalientes,01
20372,Granjas Fátima,Rancho,Aguascalientes,01
20372,Villa Campestre San José del Monte,Fraccionamiento,Aguascalientes,01
20373,El Ocote,Ranchería,Aguascalientes,01
20374,La Huerta (La Cruz),Ranchería,Aguascalientes,01
20375,El Tanque de los Jiménez,Ejido,Aguascalientes,01
20375,Campestre Bosques de Las Lomas,Condominio,Aguascalientes,01
20376,Centro de Arriba (El Taray),Ejido,Aguascalientes,01
20377,San Pedro Cieneguilla,Ejido,Aguascalientes,01
20378,Cieneguilla (La Lumbrera),Ejido,Aguascalientes,01
20378,Cieneguilla,Hacienda,Aguascalientes,01
20384,El Hotelito,Ranchería,Aguascalientes,01
20384,Norias del Paso Hondo,Ejido,Aguascalientes,01
20384,Norias del Paso Hondo,Ranchería,Aguascalientes,01
20384,Paso Hondo,Ranchería,Aguascalientes,01
20386,El Duraznillo,Ranchería,Aguascalientes,01
20388,Los Cuervos (Los Ojos de Agua),Ejido,Aguascalientes,01
20388,San Bartolo,Ranchería,Aguascalientes,01
20389,Los Durón,Ejido,Aguascalientes,01
20389,Soledad de Abajo,Ranchería,Aguascalientes,01
20389,Matamoros,Ranchería,Aguascalientes,01
20392,Campestre el Potrerillo,Fraccionamiento,Aguascalientes,01
20392,Gigante de los Arellano,Zona industrial,Aguascalientes,01
20392,El Gigante (Arellano),Ejido,Aguascalientes,01
20392,Norias de Cedazo (Cedazo Norias de Montoro),Colonia,Aguascalientes,01
20392,Montoro,Rancho,Aguascalientes,01
20392,Universidad Autónoma de Aguascalientes  Campus Sur,Equipamiento,Aguascalientes,01
20393,Parque Industrial FINSA Aguascalientes,Zona industrial,Aguascalientes,01
20394,Lomas de Arellano,Ranchería,Aguascalientes,01
20394,Tanque de Guadalupe,Ranchería,Aguascalientes,01
20394,Cañada Grande de Cotorina,Ranchería,Aguascalientes,01
20395,Cotorina (Coyotes),Ejido,Aguascalientes,01
20396,El Refugio de Peñuelas,Ejido,Aguascalientes,01
20396,Ex-Hacienda de Peñuelas,Ranchería,Aguascalientes,01
20400,Rincón de Romos Centro,Colonia,Rincón de Romos,01
20403,Rincón Real,Fraccionamiento,Rincón de Romos,01
20403,Norte,Fraccionamiento,Rincón de Romos,01
20403,Santa Elena,Colonia,Rincón de Romos,01
20404,Valle del Real,Fraccionamiento,Rincón de Romos,01
20404,San Rafael I [Potrero],Colonia,Rincón de Romos,01
20404,José Luis Macias,Fraccionamiento,Rincón de Romos,01
20404,Estancia de Chora,Fraccionamiento,Rincón de Romos,01
20404,Embajadores,Fraccionamiento,Rincón de Romos,01
20405,El Chaveño,Colonia,Rincón de Romos,01
20405,De Guadalupe,Barrio,Rincón de Romos,01
20405,La Paz,Fraccionamiento,Rincón de Romos,01
20406,Rinconada de las Piedras,Fraccionamiento,Rincón de Romos,01
20406,Rinconada Alameda,Fraccionamiento,Rincón de Romos,01
20406,De Chora,Barrio,Rincón de Romos,01
20406,Santa Cruz,Colonia,Rincón de Romos,01
20406,Lázaro Cárdenas,Fraccionamiento,Rincón de Romos,01
20406,Fraternidad,Fraccionamiento,Rincón de Romos,01
20406,Cerro del Gato,Colonia,Rincón de Romos,01
20410,Independencia,Colonia,Rincón de Romos,01
20410,Magisterial,Colonia,Rincón de Romos,01
20410,Magisterial II,Fraccionamiento,Rincón de Romos,01
20410,Santa Anita,Colonia,Rincón de Romos,01
20410,El Potrero,Fraccionamiento,Rincón de Romos,01
20410,La Mezquitera,Fraccionamiento,Rincón de Romos,01
20414,Villas de Jesús,Fraccionamiento,Rincón de Romos,01
20415,Fundadores,Fraccionamiento,Rincón de Romos,01
20415,San José,Colonia,Rincón de Romos,01
20416,Presidentes de México,Colonia,Rincón de Romos,01
20416,Solidaridad,Fraccionamiento,Rincón de Romos,01
20417,Miguel Hidalgo,Fraccionamiento,Rincón de Romos,01
20417,Popular,Fraccionamiento,Rincón de Romos,01
20420,Pablo Escaleras,Colonia,Rincón de Romos,01
20420,El Saucillo,Ejido,Rincón de Romos,01
20420,Presa de San Elías (José Muñoz),Ranchería,Rincón de Romos,01
20420,El Bajío,Ejido,Rincón de Romos,01
20420,Mar Negro,Ranchería,Rincón de Romos,01
20420,Estación Rincón de Romos,Ranchería,Rincón de Romos,01
20420,Potrero El Tarasco,Ranchería,Rincón de Romos,01
20423,San Judas Tadeo (Santa Fe),Colonia,Rincón de Romos,01
20423,Candelaria,Granja,Rincón de Romos,01
20424,Puerta del Muerto (El 15),Ranchería,Rincón de Romos,01
20424,California,Ranchería,Rincón de Romos,01
20424,Bajío del Yerbaníz,Ranchería,Rincón de Romos,01
20424,Tanque Blanco,Ranchería,Rincón de Romos,01
20425,San Jacinto,Ejido,Rincón de Romos,01
20426,San Juan de la Natura,Ejido,Rincón de Romos,01
20427,El Valle de las Delicias,Colonia,Rincón de Romos,01
20427,16 de Septiembre,Colonia,Rincón de Romos,01
20427,Los Morales,Colonia,Rincón de Romos,01
20427,San Isidro el Labrador,Ranchería,Rincón de Romos,01
20430,La Misión,Ranchería,Rincón de Romos,01
20434,18 de Marzo,Colonia,Rincón de Romos,01
20435,El Salitrillo,Colonia,Rincón de Romos,01
20435,El Barzón,Ranchería,Rincón de Romos,01
20435,Las Norias,Ranchería,Rincón de Romos,01
20435,Lupita,Granja,Rincón de Romos,01
20436,El Milagro,Colonia,Rincón de Romos,01
20437,Constitución,Colonia,Rincón de Romos,01
20437,Héctor Hugo Olivares,Colonia,Rincón de Romos,01
20437,Lindavista,Colonia,Rincón de Romos,01
20437,Canal Grande,Ranchería,Rincón de Romos,01
20437,Potrero San Isidro,Colonia,Rincón de Romos,01
20437,Las Antenas,Colonia,Rincón de Romos,01
20437,Pabellón de Hidalgo [Ejido Ex-Hacienda],Ejido,Rincón de Romos,01
20437,Pabellón de Hidalgo Centro,Colonia,Rincón de Romos,01
20437,Estancia de Mosqueira,Ejido,Rincón de Romos,01
20437,El Rosario,Granja,Rincón de Romos,01
20440,Morelos,Ranchería,Rincón de Romos,01
20444,Las Camas,Ranchería,Rincón de Romos,01
20444,Potrerillos,Ranchería,Rincón de Romos,01
20444,Túnel de Potrerillo,Ranchería,Rincón de Romos,01
20450,El Panal,Ejido,Rincón de Romos,01
20450,Fresnillo,Ejido,Rincón de Romos,01
20450,La Boquilla,Ranchería,Rincón de Romos,01
20450,Peña Blanca,Ranchería,Rincón de Romos,01
20454,El Ajiladero,Ranchería,Rincón de Romos,01
20460,Cosío Centro,Colonia,Cosío,01
20462,Luis Donaldo Colosio,Fraccionamiento,Cosío,01
20466,Villas del Potrerito,Fraccionamiento,Cosío,01
20467,Popular,Fraccionamiento,Cosío,01
20468,Santa Cruz,Colonia,Cosío,01
20469,Mexiquito,Colonia,Cosío,01
20469,Coplamar,Colonia,Cosío,01
20469,Vista Hermosa,Colonia,Cosío,01
20470,Soledad de Abajo [Estación de Adames],Pueblo,Cosío,01
20470,Zacatequillas,Pueblo,Cosío,01
20470,Soledad de Arriba,Pueblo,Cosío,01
20472,El Durazno,Colonia,Cosío,01
20472,La Punta,Pueblo,Cosío,01
20472,La Esperanza (El Salerito),Ranchería,Cosío,01
20472,El Durazno,Ranchería,Cosío,01
20472,Los Nava,Rancho,Cosío,01
20476,El Salero,Pueblo,Cosío,01
20478,El Refugio de Agua Zarca,Pueblo,Cosío,01
20478,El Refugio de Providencia (Providencia),Pueblo,Cosío,01
20478,Guadalupito,Colonia,Cosío,01
20478,Santa María de la Paz,Pueblo,Cosío,01
20500,San José de Gracia,Pueblo,San José de Gracia,01
20500,El Jocoqui,Ranchería,San José de Gracia,01
20503,Cieneguita,Ranchería,San José de Gracia,01
20503,El Toril,Ranchería,San José de Gracia,01
20504,Santa Elena de la Cruz (Capadero),Colonia,San José de Gracia,01
20504,Las Amarillas,Ranchería,San José de Gracia,01
20508,Túnel de Potrerillo,Ranchería,San José de Gracia,01
20508,Tortugas,Ranchería,San José de Gracia,01
20508,Potrerillo,Ranchería,San José de Gracia,01
20510,Ciénega de Alcorcha,Ranchería,San José de Gracia,01
20516,Boca del Túnel de Potrerillo,Ranchería,San José de Gracia,01
20520,La Congoja,Ranchería,San José de Gracia,01
20534,El Cepo,Ranchería,San José de Gracia,01
20538,Antrialgo,Ranchería,San José de Gracia,01
20538,Sierra Hermosa (Los Alamitos),Ranchería,San José de Gracia,01
20540,Paredes,Ejido,San José de Gracia,01
20545,San Antonio de los Ríos,Ejido,San José de Gracia,01
20563,Guajolotes (Huijolotes),Ranchería,San José de Gracia,01
20563,Santa Rosa de Lima,Ranchería,San José de Gracia,01
20564,Rancho Viejo,Ranchería,San José de Gracia,01
20567,Potrero de los López,Ejido,San José de Gracia,01
20567,Paso del Sauz,Ranchería,San José de Gracia,01
20570,El Tecongo,Ranchería,San José de Gracia,01
20574,Estancia de San Marcos,Ranchería,San José de Gracia,01
20575,El Taray,Ranchería,San José de Gracia,01
20576,Club Náutico San José,Equipamiento,San José de Gracia,01
20600,Tepezalá Centro,Colonia,Tepezalá,01
20602,Cholula,Barrio,Tepezalá,01
20603,San Rafael,Colonia,Tepezalá,01
20607,Del Socorro,Barrio,Tepezalá,01
20607,Luis Ortega Douglas,Colonia,Tepezalá,01
20607,Felipe González González,Colonia,Tepezalá,01
20607,Los Arcos,Colonia,Tepezalá,01
20610,El Realengo,Colonia,Tepezalá,01
20610,El Chayote,Ejido,Tepezalá,01
20610,El Barranco,Ejido,Tepezalá,01
20614,Los Alamitos,Ejido,Tepezalá,01
20614,Luz de San Antonio (La Luz),Ranchería,Tepezalá,01
20614,Ampliación los Hornos (el Lagunazo),Colonia,Tepezalá,01
20615,El Progreso (La Tira),Ranchería,Tepezalá,01
20615,El Porvenir,Ejido,Tepezalá,01
20615,El Carmen,Ranchería,Tepezalá,01
20616,San Antonio,Ejido,Tepezalá,01
20620,Mesillas,Ejido,Tepezalá,01
20622,Ojo de Agua de los Montes,Ejido,Tepezalá,01
20634,La Victoria,Ranchería,Tepezalá,01
20635,El Águila,Ejido,Tepezalá,01
20637,Los Tres Reyes,Ranchería,Tepezalá,01
20637,El Gigante,Ejido,Tepezalá,01
20650,Puerto de la Concepción,Ejido,Tepezalá,01
20656,Carboneras,Ejido,Tepezalá,01
20656,El Refugio,Ejido,Tepezalá,01
20657,Arroyo Hondo,Ejido,Tepezalá,01
20658,Berrendos,Rancho,Tepezalá,01
20658,El Tepozán,Ranchería,Tepezalá,01
20659,Caldera,Ejido,Tepezalá,01
20663,El Refugio,Ranchería,Pabellón de Arteaga,01
20663,El Gigante,Granja,Pabellón de Arteaga,01
20665,Emiliano Zapata,Colonia,Pabellón de Arteaga,01
20665,El Pedernal Segundo,Ranchería,Pabellón de Arteaga,01
20665,San Agustín de los Puentes,Ranchería,Pabellón de Arteaga,01
20665,El Pilar,Granja,Pabellón de Arteaga,01
20665,Los Contreras,Ranchería,Pabellón de Arteaga,01
20666,El Garabato,Ranchería,Pabellón de Arteaga,01
20666,Campestre San Carlos,Fraccionamiento,Pabellón de Arteaga,01
20667,Santiago,Ejido,Pabellón de Arteaga,01
20667,El Canal,Ranchería,Pabellón de Arteaga,01
20668,El Pedregal,Ranchería,Pabellón de Arteaga,01
20668,El Milagro,Ranchería,Pabellón de Arteaga,01
20668,Puerta del Milagro,Ranchería,Pabellón de Arteaga,01
20668,San Luis de Letras,Ejido,Pabellón de Arteaga,01
20668,Miguel Alemán [Secadora],Ranchería,Pabellón de Arteaga,01
20668,Ampliación Ejido Garabato,Ranchería,Pabellón de Arteaga,01
20670,Pabellón de Arteaga Centro,Colonia,Pabellón de Arteaga,01
20673,FOVISSSTE,Fraccionamiento,Pabellón de Arteaga,01
20673,Jardines de Pabellón,Fraccionamiento,Pabellón de Arteaga,01
20673,Haciendas de Pabellón,Conjunto habitacional,Pabellón de Arteaga,01
20673,Barrio Industrial,Colonia,Pabellón de Arteaga,01
20674,Río San Pedro,Colonia,Pabellón de Arteaga,01
20674,Francisco Villa,Colonia,Pabellón de Arteaga,01
20674,Villas de Pabellón,Colonia,Pabellón de Arteaga,01
20674,Trojes de San Pedro,Fraccionamiento,Pabellón de Arteaga,01
20675,Carboneras,Barrio,Pabellón de Arteaga,01
20675,Palo Alto,Barrio,Pabellón de Arteaga,01
20676,5 de Mayo,Colonia,Pabellón de Arteaga,01
20676,Cosmos,Fraccionamiento,Pabellón de Arteaga,01
20676,Popular,Fraccionamiento,Pabellón de Arteaga,01
20677,Plutarco Elías Calles,Colonia,Pabellón de Arteaga,01
20677,Progreso Sur,Colonia,Pabellón de Arteaga,01
20678,Bosques de Pabellón,Fraccionamiento,Pabellón de Arteaga,01
20678,Progreso Norte,Colonia,Pabellón de Arteaga,01
20678,Vergel del Valle,Fraccionamiento,Pabellón de Arteaga,01
20678,Valle del Vivero,Fraccionamiento,Pabellón de Arteaga,01
20678,Villas de Guadalupe,Conjunto habitacional,Pabellón de Arteaga,01
20678,Valle del Vivero II,Fraccionamiento,Pabellón de Arteaga,01
20680,Las Ánimas,Pueblo,Pabellón de Arteaga,01
20680,Santa Isabel,Fraccionamiento,Pabellón de Arteaga,01
20680,Las Ánimas,Rancho,Pabellón de Arteaga,01
20683,El Mezquite (Ojo de Agua del Mezquite),Ejido,Pabellón de Arteaga,01
20683,El Mezquite,Colonia,Pabellón de Arteaga,01
20683,El Mezquite,Hacienda,Pabellón de Arteaga,01
20683,Los Lira,Ranchería,Pabellón de Arteaga,01
20684,Ojo Zarco,Colonia,Pabellón de Arteaga,01
20684,Ojo Zarco,Ranchería,Pabellón de Arteaga,01
20684,Ojo Zarco (La Loma),Ejido,Pabellón de Arteaga,01
20684,El Rayo,Colonia,Pabellón de Arteaga,01
20686,Gámez Orozco (Puerta de Carboneras),Colonia,Pabellón de Arteaga,01
20686,San Pedro,Ranchería,Pabellón de Arteaga,01
20687,El Cerrito,Ranchería,Pabellón de Arteaga,01
20700,Guadalupe,Colonia,Asientos,01
20700,Loma Bonita,Colonia,Asientos,01
20700,Agua Nueva,Colonia,Asientos,01
20700,Álamos,Fraccionamiento,Asientos,01
20700,La Sierra,Colonia,Asientos,01
20700,Arboledas,Colonia,Asientos,01
20700,El Tule,Pueblo,Asientos,01
20700,Villa Juárez Centro,Colonia,Asientos,01
20700,La Loma,Colonia,Asientos,01
20700,El Rascón,Colonia,Asientos,01
20704,Viudas de Poniente,Ejido,Asientos,01
20705,Charco Azul,Ejido,Asientos,01
20706,El Llavero,Ranchería,Asientos,01
20708,Amarillas de Esparza,Ejido,Asientos,01
20709,Jilotepec,Ejido,Asientos,01
20709,La Dichosa,Ejido,Asientos,01
20709,San Vicente,Ranchería,Asientos,01
20710,Asientos Centro,Colonia,Asientos,01
20710,Santa Cruz,Barrio,Asientos,01
20712,De Peñitas,Barrio,Asientos,01
20712,Real Minero,Fraccionamiento,Asientos,01
20713,Los Tepetates,Barrio,Asientos,01
20713,Del CECYTE,Barrio,Asientos,01
20714,De Guadalupe,Barrio,Asientos,01
20715,INFONAVIT,Colonia,Asientos,01
20715,Del Tepozán,Barrio,Asientos,01
20715,Juventud,Barrio,Asientos,01
20720,Guadalupe de Atlas,Ejido,Asientos,01
20720,Bimbaletes Aguascalientes (El Álamo),Ejido,Asientos,01
20720,Bimbaletes Atlas (Tanque de la Vieja),Ejido,Asientos,01
20720,Crisóstomos,Ejido,Asientos,01
20720,Estación San Gil,Paraje,Asientos,01
20720,La Divina Providencia,Rancho,Asientos,01
20720,Alvarado,Rancho,Asientos,01
20720,Licenciado Adolfo López Mateos,Ranchería,Asientos,01
20720,Los Posada [Sociedad],Ranchería,Asientos,01
20720,Sector de Producción Número 3,Ranchería,Asientos,01
20720,Sector de Producción Número 2,Ranchería,Asientos,01
20721,Plutarco Elías Calles,Ranchería,Asientos,01
20722,Ciénega Grande,Ejido,Asientos,01
20723,Noria del Borrego (Norias),Ejido,Asientos,01
20723,Jarillas,Ejido,Asientos,01
20724,Gómez Portugal,Colonia,Asientos,01
20727,Pino Suárez (Rancho Viejo),Ranchería,Asientos,01
20729,Clavellinas,Ejido,Asientos,01
20730,Molinos,Ejido,Asientos,01
20734,Los Encinos,Ranchería,Asientos,01
20734,Lázaro Cárdenas,Colonia,Asientos,01
20736,La Gloria,Ejido,Asientos,01
20737,Santuario del Tepozán,Ranchería,Asientos,01
20739,La Soledad,Ranchería,Asientos,01
20739,San Pedro,Colonia,Asientos,01
20740,El Polvo,Ejido,Asientos,01
20741,Caldera,Ejido,Asientos,01
20742,Licenciado Adolfo López Mateos,Ejido,Asientos,01
20742,Charco Prieto (El Palomar),Ranchería,Asientos,01
20742,El Fénix,Ranchería,Asientos,01
20744,San Antonio de los Martínez,Ejido,Asientos,01
20746,Gorriones,Ejido,Asientos,01
20748,Ojo de Agua de Rosales,Ejido,Asientos,01
20749,El Tepetatillo,Rancho,Asientos,01
20750,San José del Río,Ejido,Asientos,01
20768,El Águila,Rancho,Asientos,01
20770,Emancipación (Borunda),Colonia,Asientos,01
20773,Tanque Viejo,Ejido,Asientos,01
20773,Las Adjuntas,Ejido,Asientos,01
20773,La Tinajuela,Barrio,Asientos,01
20780,San Rafael de Ocampo,Ranchería,Asientos,01
20780,San José del Tulillo,Ranchería,Asientos,01
20782,San Isidro,Ranchería,Asientos,01
20785,El Chonguillo,Rancho,Asientos,01
20790,Francisco Villa,Ranchería,Asientos,01
20795,La Esperanza,Ranchería,Asientos,01
20795,Ojo de Agua de los Sauces,Ejido,Asientos,01
20795,Pilotos,Ejido,Asientos,01
20796,Tanque de Guadalupe,Ejido,Asientos,01
20796,Las Joyas,Ranchería,Asientos,01
20796,El Epazote,Ranchería,Asientos,01
20796,Las Fraguas,Ejido,Asientos,01
20796,El Salitre,Ranchería,Asientos,01
20796,El Bajío de los Campos,Barrio,Asientos,01
20799,Las Negritas,Ejido,Asientos,01
20800,Calvillo Centro,Colonia,Calvillo,01
20802,Unión Antorchista,Fraccionamiento,Calvillo,01
20802,El Mirador,Fraccionamiento,Calvillo,01
20802,Independencia,Fraccionamiento,Calvillo,01
20802,López Mateos,Colonia,Calvillo,01
20802,Las Paseras,Fraccionamiento,Calvillo,01
20802,Vista Hermosa,Fraccionamiento,Calvillo,01
20802,Campo Militar 14 CINE,Zona militar,Calvillo,01
20802,El Guayabo,Colonia,Calvillo,01
20802,Benito Juárez,Colonia,Calvillo,01
20802,Los Cerritos,Colonia,Calvillo,01
20802,Loma de Fundadores,Colonia,Calvillo,01
20803,Benito Juárez,Fraccionamiento,Calvillo,01
20803,Lomas de Huejúcar,Colonia,Calvillo,01
20803,San Nicolás,Colonia,Calvillo,01
20803,El Llano (El Llano de San Rafael),Ranchería,Calvillo,01
20803,San Rafael,Fraccionamiento,Calvillo,01
20803,Rincón de Baltazares,Fraccionamiento,Calvillo,01
20803,José Landeros,Fraccionamiento,Calvillo,01
20804,Ejidal,Colonia,Calvillo,01
20804,Liberal,Colonia,Calvillo,01
20804,Rincón de Baltazares,Colonia,Calvillo,01
20804,Valle de Santiago,Colonia,Calvillo,01
20804,Arroyo de Los Caballos,Colonia,Calvillo,01
20804,Del Carmen,Colonia,Calvillo,01
20804,Azteca,Colonia,Calvillo,01
20804,Morelos,Colonia,Calvillo,01
20805,Cerrito Alto,Colonia,Calvillo,01
20805,Emiliano Zapata,Colonia,Calvillo,01
20805,Las Flores,Colonia,Calvillo,01
20805,Martínez,Fraccionamiento,Calvillo,01
20805,Valle de Huejúcar,Colonia,Calvillo,01
20805,Los Angeles,Colonia,Calvillo,01
20805,Chicago,Barrio,Calvillo,01
20810,El Terrero de la Labor,Ranchería,Calvillo,01
20810,Palo Alto,Ranchería,Calvillo,01
20810,Junta de los Ríos,Ranchería,Calvillo,01
20816,El Sauz de la Labor,Ranchería,Calvillo,01
20816,El Zapote de la Labor,Ranchería,Calvillo,01
20816,Las Cuevas de la Labor,Ranchería,Calvillo,01
20816,Las Rubias,Ranchería,Calvillo,01
20816,Piedras Chinas,Ranchería,Calvillo,01
20816,El Jagüey,Ranchería,Calvillo,01
20816,Los Lazos,Ranchería,Calvillo,01
20816,Puerta de Fragua (Presa la Codorniz),Ranchería,Calvillo,01
20820,La Pochota,Ranchería,Calvillo,01
20820,El Mirador,Ranchería,Calvillo,01
20820,San Tadeo,Pueblo,Calvillo,01
20820,El Potrerito,Ranchería,Calvillo,01
20820,La Teresa,Ranchería,Calvillo,01
20820,Mezquitillos,Ranchería,Calvillo,01
20820,La Primavera,Ranchería,Calvillo,01
20820,Jardines de San Isidro (Colonia Limón),Colonia,Calvillo,01
20820,Solidaridad,Fraccionamiento,Calvillo,01
20823,Los Arellano,Rancho,Calvillo,01
20823,Presa Ordeña Vieja,Ranchería,Calvillo,01
20823,El Tepozán,Ranchería,Calvillo,01
20830,El Morancillo (Los Arcos),Ranchería,Calvillo,01
20830,Chiquihuitero (San Isidro),Ranchería,Calvillo,01
20830,La Panadera,Ranchería,Calvillo,01
20830,Las Víboras (Viborillas),Ranchería,Calvillo,01
20830,Villas del Laurel,Fraccionamiento,Calvillo,01
20832,El Maguey,Ranchería,Calvillo,01
20832,El Sauz,Ranchería,Calvillo,01
20832,La Joya,Ranchería,Calvillo,01
20834,Potrero de los López,Colonia,Calvillo,01
20834,Las Huertas,Colonia,Calvillo,01
20834,La Pila,Colonia,Calvillo,01
20834,La Alberca,Colonia,Calvillo,01
20834,La Españita,Colonia,Calvillo,01
20834,Los Baños,Colonia,Calvillo,01
20834,Los Esparza,Colonia,Calvillo,01
20834,La Placita,Colonia,Calvillo,01
20834,La Casa Grande,Colonia,Calvillo,01
20834,Azoteyita,Colonia,Calvillo,01
20834,Bajío de Colomos,Colonia,Calvillo,01
20834,El Llano de López,Colonia,Calvillo,01
20834,Colomos,Ranchería,Calvillo,01
20834,Catana,Ranchería,Calvillo,01
20834,El Cuervero (Cuerveros),Pueblo,Calvillo,01
20834,Malpaso,Pueblo,Calvillo,01
20834,Ojocaliente,Colonia,Calvillo,01
20834,Potrero de los López,Ranchería,Calvillo,01
20834,Tepezalilla de Abajo,Ranchería,Calvillo,01
20834,La Fragua,Ranchería,Calvillo,01
20834,El Jaralito,Ranchería,Calvillo,01
20834,La Fortuna,Colonia,Calvillo,01
20834,Los Arcos,Colonia,Calvillo,01
20834,Magisterial,Colonia,Calvillo,01
20835,Río Gil,Ranchería,Calvillo,01
20835,Río Gil de Arriba,Ranchería,Calvillo,01
20836,El Capulín,Ranchería,Calvillo,01
20836,Montoro,Ranchería,Calvillo,01
20836,Mesa de los Pozos (La Laguna),Ranchería,Calvillo,01
20840,Los Mirasoles,Ranchería,Calvillo,01
20842,Las Joyas,Ranchería,Calvillo,01
20842,San José de los Laureles,Ranchería,Calvillo,01
20844,Chimaltitán,Ranchería,Calvillo,01
20850,Crucero las Pilas,Ranchería,Calvillo,01
20850,Las Moras,Ranchería,Calvillo,01
20850,Mesa Grande,Ranchería,Calvillo,01
20850,El Refugio (Las Praderas),Ranchería,Calvillo,01
20850,Pozo de los Artistas,Colonia,Calvillo,01
20852,Ejido Calvillo (El Polvorín Sector Benito Juárez),Ranchería,Calvillo,01
20852,Ejido Calvillo (Sector Emiliano Zapata),Ranchería,Calvillo,01
20852,Los Adobes,Ranchería,Calvillo,01
20852,Arroyo Ojocalientillo,Ranchería,Calvillo,01
20854,Parque Industrial Calvillo,Zona industrial,Calvillo,01
20854,El Tepetate de Arriba,Ranchería,Calvillo,01
20854,La Calixtina,Ranchería,Calvillo,01
20854,El Tepetate de Abajo,Ranchería,Calvillo,01
20854,Ojo de Agua,Ranchería,Calvillo,01
20854,Barranca del Roble,Ranchería,Calvillo,01
20854,El Taray,Rancho,Calvillo,01
20855,Los Alisos,Ranchería,Calvillo,01
20855,El Garruño,Ranchería,Calvillo,01
20856,El Güencho,Ranchería,Calvillo,01
20856,Jaltiche de Arriba,Ranchería,Calvillo,01
20856,Mesa del Roble,Ranchería,Calvillo,01
20860,Cerro Blanco,Ranchería,Calvillo,01
20860,El Salitre,Ranchería,Calvillo,01
20860,Las Ánimas,Ranchería,Calvillo,01
20860,Las Pilas,Ranchería,Calvillo,01
20860,Michoacanejo,Ranchería,Calvillo,01
20860,El Tepalcate,Ranchería,Calvillo,01
20862,Norias Cuatas,Rancho,Calvillo,01
20862,Salitrillo,Ranchería,Calvillo,01
20862,Jaltiche de Abajo,Ranchería,Calvillo,01
20862,La Media Luna,Ranchería,Calvillo,01
20862,La Rinconada,Ranchería,Calvillo,01
20862,Las Tinajas,Ranchería,Calvillo,01
20864,El Caracol,Ranchería,Calvillo,01
20864,El Terrero del Refugio,Ranchería,Calvillo,01
20864,Presa de los Serna,Ranchería,Calvillo,01
20870,Arboledas de Calvillo,Fraccionamiento,Calvillo,01
20870,El Papantón,Ranchería,Calvillo,01
20870,El Rodeo,Ranchería,Calvillo,01
20870,Los Patos,Ranchería,Calvillo,01
20870,San José,Ranchería,Calvillo,01
20870,Santos,Ranchería,Calvillo,01
20870,Vaquerías,Ranchería,Calvillo,01
20870,Barranca de Portales,Ranchería,Calvillo,01
20872,Peña Blanca,Ranchería,Calvillo,01
20872,El Tigre,Ranchería,Calvillo,01
20872,Miguel Hidalgo (El Huarache),Ranchería,Calvillo,01
20872,Presa de los Bajíos,Ranchería,Calvillo,01
20874,El Ocote [Banco de Tierra],Ranchería,Calvillo,01
20874,Las Trojes,Ranchería,Calvillo,01
20874,Tanque de los Serna,Ranchería,Calvillo,01
20874,La Ciénega,Ranchería,Calvillo,01
20880,La Labor,Colonia,Calvillo,01
20880,Temazcal,Ranchería,Calvillo,01
20880,Paredes,Ranchería,Calvillo,01
20880,La Hiedra,Ranchería,Calvillo,01
20880,Ventanillas,Ranchería,Calvillo,01
20880,El Salitrillo,Ranchería,Calvillo,01
20882,Manguillas,Ranchería,Calvillo,01
20900,Santo Domingo,Condominio,Jesús María,01
20900,Puerta Norte,Condominio,Jesús María,01
20900,Residencial Misión de San José,Fraccionamiento,Jesús María,01
20900,Residencial Campestre Ingles,Fraccionamiento,Jesús María,01
20900,Camino Real,Fraccionamiento,Jesús María,01
20900,Corral de Barrancos,Colonia,Jesús María,01
20900,Maravillas,Colonia,Jesús María,01
20900,Los Olivos,Fraccionamiento,Jesús María,01
20900,Rinconada Maravillas,Fraccionamiento,Jesús María,01
20900,Residencial Villa Campestre,Fraccionamiento,Jesús María,01
20900,Valle Escondido,Fraccionamiento,Jesús María,01
20900,Las Pérgolas,Fraccionamiento,Jesús María,01
20900,La Nogalera,Fraccionamiento,Jesús María,01
20901,El Maguey,Colonia,Jesús María,01
20901,Las Jaulas,Colonia,Jesús María,01
20901,La Loma de Valladolid,Colonia,Jesús María,01
20901,La Chaveña,Ranchería,Jesús María,01
20903,Villas de Montecassino,Fraccionamiento,Jesús María,01
20903,Residencial Santa Paulina,Fraccionamiento,Jesús María,01
20903,Margaritas,Ranchería,Jesús María,01
20903,La Florida,Ranchería,Jesús María,01
20904,El Barreno,Colonia,Jesús María,01
20904,Los Ramírez,Ranchería,Jesús María,01
20904,Los Vázquez,Ranchería,Jesús María,01
20905,Miravalle,Colonia,Jesús María,01
20905,Paso Blanco,Colonia,Jesús María,01
20905,Los Arenales,Ranchería,Jesús María,01
20905,La Lomita de Paso Blanco (Las Canoas),Colonia,Jesús María,01
20905,Los Sauces,Ranchería,Jesús María,01
20907,Viñedos Casa Leal,Ranchería,Jesús María,01
20907,Santa Elena,Fraccionamiento,Jesús María,01
20907,Viñedos Eva (Fraccionamiento Paso Blanco),Zona industrial,Jesús María,01
20907,Viñedos Frutilandia,Ranchería,Jesús María,01
20907,Paseos de Aguascalientes,Colonia,Jesús María,01
20907,Arboledas de Paso Blanco,Fraccionamiento,Jesús María,01
20907,Central de Abastos Viñedos San Marcos,Zona comercial,Jesús María,01
20907,Paseos del Country,Condominio,Jesús María,01
20907,Residencial Campo Real,Fraccionamiento,Jesús María,01
20907,Jardines de Campo Real,Fraccionamiento,Jesús María,01
20908,Mayorazgo San Cristóbal,Condominio,Jesús María,01
20908,Belmondo,Condominio,Jesús María,01
20908,Residencial Marcellana,Fraccionamiento,Jesús María,01
20908,Rinconada Cuauhtémoc,Fraccionamiento,Jesús María,01
20908,Catania Spazio,Fraccionamiento,Jesús María,01
20908,Punta Norte,Condominio,Jesús María,01
20908,Los Gavilanes,Ranchería,Jesús María,01
20908,Nura,Condominio,Jesús María,01
20908,Santa Isabel Tola,Fraccionamiento,Jesús María,01
20908,Bosques de los Ciprés,Condominio,Jesús María,01
20908,Bosques del Paraíso I,Fraccionamiento,Jesús María,01
20908,Bosques del Paraíso II,Fraccionamiento,Jesús María,01
20908,Augusta,Condominio,Jesús María,01
20908,Bosques del Paraíso VI,Fraccionamiento,Jesús María,01
20908,Bosques del Paraíso III,Fraccionamiento,Jesús María,01
20908,Bosques del Paraíso IV,Fraccionamiento,Jesús María,01
20908,Vivanta,Condominio,Jesús María,01
20908,Zibá,Condominio,Jesús María,01
20908,Porta Vitta Residencial,Condominio,Jesús María,01
20908,Cartagena,Condominio,Jesús María,01
20908,San Mateo,Condominio,Jesús María,01
20908,Villas de San Pedro,Fraccionamiento,Jesús María,01
20908,Viña Real,Fraccionamiento,Jesús María,01
20908,Tepetates,Colonia,Jesús María,01
20908,Trojes de San Cristóbal,Fraccionamiento,Jesús María,01
20908,Quintas de Monticello,Fraccionamiento,Jesús María,01
20908,Viña Antigua,Fraccionamiento,Jesús María,01
20908,Villas del Molino,Fraccionamiento,Jesús María,01
20908,Porta Real,Condominio,Jesús María,01
20908,Residencial Cedros,Fraccionamiento,Jesús María,01
20908,Rancho San Miguel Residencial,Fraccionamiento,Jesús María,01
20908,Alcázar Residencial,Fraccionamiento,Jesús María,01
20908,Reserva San Cristóbal,Fraccionamiento,Jesús María,01
20908,La Arborada Residencial,Condominio,Jesús María,01
20908,Privanza Gratamira,Condominio,Jesús María,01
20908,Tierraverde (Habitat Gran Clase),Fraccionamiento,Jesús María,01
20908,Andares,Fraccionamiento,Jesús María,01
20909,INFONAVIT Margaritas,Fraccionamiento,Jesús María,01
20909,Villas del Sol,Fraccionamiento,Jesús María,01
20909,Valle de Margaritas,Fraccionamiento,Jesús María,01
20909,Saturnino Herran,Fraccionamiento,Jesús María,01
20909,Los Vázquez,Colonia,Jesús María,01
20909,Santa Fe Tecnopark,Zona industrial,Jesús María,01
20909,Alea Park,Zona industrial,Jesús María,01
20909,Jesús Gómez Portugal (Margaritas),Pueblo,Jesús María,01
20909,El Zapato,Colonia,Jesús María,01
20909,Paseos Gómez Portugal,Fraccionamiento,Jesús María,01
20909,La Guayana (Rancho Seco),Ejido,Jesús María,01
20909,Paso de Argenta,Fraccionamiento,Jesús María,01
20910,San Antonio de los Horcones,Colonia,Jesús María,01
20910,Brownsville,Colonia,Jesús María,01
20913,Valladolid,Pueblo,Jesús María,01
20913,El Refugio,Ejido,Jesús María,01
20913,El Aurero,Ranchería,Jesús María,01
20913,Villas de Guadalupe (La Malobra),Colonia,Jesús María,01
20913,El Cenizo,Colonia,Jesús María,01
20914,La Granjita (Los Palillos),Ranchería,Jesús María,01
20915,Nueva,Colonia,Jesús María,01
20916,Parque Industrial Chichimeco,Zona industrial,Jesús María,01
20916,El Chichimeco,Hacienda,Jesús María,01
20916,Paseos de las Haciendas,Fraccionamiento,Jesús María,01
20916,La Cartuja,Fraccionamiento,Jesús María,01
20917,Pedernal Segundo,Ranchería,Jesús María,01
20920,Jesús María Centro,Colonia,Jesús María,01
20922,Bellavista,Colonia,Jesús María,01
20922,La Troje,Fraccionamiento,Jesús María,01
20922,El Calvario,Colonia,Jesús María,01
20922,La Escalera,Colonia,Jesús María,01
20923,Rinconada Jesús María,Fraccionamiento,Jesús María,01
20923,Real Campestre,Fraccionamiento,Jesús María,01
20923,La Villa Residencial,Fraccionamiento,Jesús María,01
20923,Los Álamos,Condominio,Jesús María,01
20923,La Misión,Fraccionamiento,Jesús María,01
20923,Flores Magón,Colonia,Jesús María,01
20923,La Cardona,Colonia,Jesús María,01
20923,La Cuesta,Fraccionamiento,Jesús María,01
20923,Los Arroyitos,Colonia,Jesús María,01
20923,San Miguelito,Colonia,Jesús María,01
20923,Rinconada San Miguelito,Fraccionamiento,Jesús María,01
20923,Ruiseñores,Condominio,Jesús María,01
20923,Residencial Jesús María,Fraccionamiento,Jesús María,01
20924,Cielo Claro,Colonia,Jesús María,01
20924,Agua Clara,Fraccionamiento,Jesús María,01
20924,Jacarandas,Fraccionamiento,Jesús María,01
20924,Deportiva,Colonia,Jesús María,01
20924,Rancho San Pedro,Fraccionamiento,Jesús María,01
20924,Palma Dorada,Fraccionamiento,Jesús María,01
20925,Arroyo del Bosque,Fraccionamiento,Jesús María,01
20925,Misantla,Fraccionamiento,Jesús María,01
20925,Villas Tec,Fraccionamiento,Jesús María,01
20925,La Loma de Maravillas,Colonia,Jesús María,01
20925,Arroyo San Emilión Residencial,Fraccionamiento,Jesús María,01
20925,Agua Zarca,Fraccionamiento,Jesús María,01
20925,Benigno Chávez,Fraccionamiento,Jesús María,01
20925,Lomas de Jesús María,Fraccionamiento,Jesús María,01
20925,Vista del Sauz,Fraccionamiento,Jesús María,01
20925,Puerta Grande,Condominio,Jesús María,01
20926,Rincón del Pilar,Fraccionamiento,Jesús María,01
20926,La Palma,Fraccionamiento,Jesús María,01
20926,Quintas Miguel Jerónimo,Fraccionamiento,Jesús María,01
20926,Las Palmas,Colonia,Jesús María,01
20926,Porta Arvena,Condominio,Jesús María,01
20926,Abada Residencial,Condominio,Jesús María,01
20926,Lomas de San José,Fraccionamiento,Jesús María,01
20926,Arboledas,Fraccionamiento,Jesús María,01
20926,Chicahuales,Colonia,Jesús María,01
20926,Lomas del Valle,Colonia,Jesús María,01
20926,Martínez Andrade,Colonia,Jesús María,01
20926,Solidaridad,Fraccionamiento,Jesús María,01
20926,Vista Hermosa,Colonia,Jesús María,01
20926,Manantiales del Pinar,Fraccionamiento,Jesús María,01
20926,La Loma,Fraccionamiento,Jesús María,01
20926,La Piedra,Condominio,Jesús María,01
20926,Lomas de los Vergeles,Fraccionamiento,Jesús María,01
20926,Rinconada Bugambilias,Condominio,Jesús María,01
20926,Misión de Santa María,Condominio,Jesús María,01
20926,Yalta Campestre,Condominio,Jesús María,01
20926,Residencial Tres Arroyos,Fraccionamiento,Jesús María,01
20926,Mirabrujas,Fraccionamiento,Jesús María,01
20926,Tulipanes Residencial,Fraccionamiento,Jesús María,01
20927,Pozo la Palma (La Viznaga),Ranchería,Jesús María,01
20927,Ayuntamiento,Fraccionamiento,Jesús María,01
20927,La Cañada,Colonia,Jesús María,01
20927,Ampliación La Cañada,Colonia,Jesús María,01
20927,Ojos de Agua,Colonia,Jesús María,01
20928,Luis Donaldo Colosio,Colonia,Jesús María,01
20928,Las Terrazas,Condominio,Jesús María,01
20928,Ejidal,Fraccionamiento,Jesús María,01
20928,El Torito,Colonia,Jesús María,01
20928,Las Palmas,Colonia,Jesús María,01
20928,Plan Benito Juárez,Fraccionamiento,Jesús María,01
20928,El Mezquital,Fraccionamiento,Jesús María,01
20928,El Chaveño,Colonia,Jesús María,01
20928,Buenavista,Fraccionamiento,Jesús María,01
20928,Solar de Jonacatique,Colonia,Jesús María,01
20933,Unión de Ladrilleros,Colonia,Jesús María,01
20934,San Lorenzo,Hacienda,Jesús María,01
20943,Buenos Aires,Rancho,Jesús María,01
20943,Los Muñoz,Ranchería,Jesús María,01
20943,Milpillas de Abajo,Ejido,Jesús María,01
20943,Ex-hacienda de Milpillas,Ejido,Jesús María,01
20947,Gracias a Dios,Ejido,Jesús María,01
20947,El Zapote,Ranchería,Jesús María,01
20953,Agronómica (Las Tres Almas),Colonia,Jesús María,01
20953,Cañada el Rodeo,Ranchería,Jesús María,01
20954,El Conejo (Puerta del Llano),Ranchería,Jesús María,01
20955,La Mesa del Contadero (El Contadero),Ranchería,Jesús María,01
20955,San Rafael,Ranchería,Jesús María,01
20956,Piedras Negras,Ranchería,Jesús María,01
20957,Lomas de San Isidro,Ranchería,Jesús María,01
20957,Pedernal Primero,Ranchería,Jesús María,01
20957,El Rincón de la Virgen (El Rincón),Ranchería,Jesús María,01
20970,Tapias Viejas,Ejido,Jesús María,01
20970,Puente de Villalpando (El Puente),Ranchería,Jesús María,01
20974,Puentes Cuates,Ranchería,Jesús María,01
20983,Real del Molino,Fraccionamiento,Jesús María,01
20983,Mezquital del Country,Fraccionamiento,Jesús María,01
20983,Marabella Residencial,Condominio,Jesús María,01
20983,El Llano,Colonia,Jesús María,01
20983,Trojes del Pedregal,Fraccionamiento,Jesús María,01
20983,Residencial Trojes del Norte,Fraccionamiento,Jesús María,01
20983,Residencial Trojes del Norte II,Fraccionamiento,Jesús María,01
20983,Residencial Antiguo Country,Condominio,Jesús María,01
20984,Villa Natty Residencial,Fraccionamiento,Jesús María,01
20984,Andrea,Condominio,Jesús María,01
20984,Providencia,Colonia,Jesús María,01
20990,General Ignacio Zaragoza (Venadero),Pueblo,Jesús María,01
20990,Buenavista,Ranchería,Jesús María,01
20994,Cieneguitas,Pueblo,Jesús María,01
20994,Villas de Montegrande,Colonia,Jesús María,01
20994,La Tomatina,Ejido,Jesús María,01
20995,Agua Zarca,Ranchería,Jesús María,01
20996,Jesús María,Ejido,Jesús María,01
20996,El Refugio de los Arquitos,Ranchería,Jesús María,01
20996,Los Arquitos,Ejido,Jesús María,01
20996,El Chacho,Ranchería,Jesús María,01
20996,La Primavera,Colonia,Jesús María,01
20997,La Providencia (Sector 6),Ranchería,Jesús María,01
20997,St Ángelo Residence,Condominio,Jesús María,01
20997,Vista Florencia,Condominio,Jesús María,01
20997,Vista San Isidro,Condominio,Jesús María,01
20997,Ruscello,Condominio,Jesús María,01
20997,Q Campestre Residencial,Condominio,Jesús María,01
,,,,
,,,,
,,,,
,,,,
,,,,
,,,,
,,,,
,,,,
,,,,
,,,,
,,,,
,,,,
,,,,
,,,,
,,,,
,,,,
,,,,
,,,,
,,,,
,,,,
,,,,
,,,,
,,,,
,,,,
,,,,
,,,,
,,,,
,,,,
,,,,
,,,,
,,,,
,,,,
,,,,
,,,,
,,,,
,,,,
,,,,
,,,,
,,,,
,,,,
,,,,
,,,,
,,,,
,,,,
,,,,
,,,,
,,,,
,,,,
,,,,
,,,,
,,,,
,,,,
,,,,
,,,,
,,,,
,,,,
,,,,
,,,,
,,,,
,,,,
,,,,
,,,,
,,,,
,,,,
,,,,
,,,,
,,,,
,,,,
,,,,
,,,,
,,,,
,,,,
,,,,
,,,,
,,,,
,,,,
,,,,
,,,,
,,,,
,,,,
,,,,
,,,,
,,,,
,,,,
,,,,
,,,,
,,,,
,,,,
,,,,
,,,,
,,,,
,,,,
,,,,
,,,,
,,,,
,,,,
,,,,
,,,,
,,,,
,,,,
,,,,
,,,,
,,,,
,,,,
,,,,
,,,,
,,,,
,,,,
,,,,
,,,,
,,,,
,,,,
,,,,
,,,,
,,,,
,,,,
,,,,
,,,,
,,,,
,,,,
,,,,
,,,,
,,,,
,,,,
,,,,
,,,,
,,,,
,,,,
,,,,
,,,,
,,,,
,,,,
,,,,
,,,,
,,,,
,,,,
,,,,
,,,,
,,,,
,,,,
,,,,
,,,,
,,,,
,,,,
,,,,
,,,,
,,,,
,,,,
,,,,
,,,,
,,,,
,,,,
,,,,
,,,,
,,,,
,,,,
,,,,
,,,,
,,,,
,,,,
,,,,
,,,,
,,,,
,,,,
,,,,
,,,,
,,,,
,,,,
,,,,
,,,,
,,,,
,,,,
,,,,
,,,,
,,,,
,,,,
,,,,
,,,,
,,,,
,,,,
,,,,
,,,,
,,,,
,,,,
,,,,
,,,,
,,,,
,,,,
,,,,
,,,,
,,,,
,,,,
,,,,
,,,,
,,,,
,,,,
,,,,
,,,,
,,,,
,,,,
,,,,
,,,,
,,,,
,,,,
,,,,
,,,,
,,,,
,,,,
,,,,
,,,,
,,,,
,,,,
,,,,
,,,,
,,,,
,,,,
,,,,
,,,,
,,,,
,,,,
,,,,
,,,,
,,,,
,,,,
,,,,
,,,,
,,,,
,,,,
,,,,
,,,,
,,,,
,,,,
,,,,
,,,,
,,,,
,,,,
,,,,
,,,,
,,,,
,,,,
,,,,
,,,,
,,,,
,,,,
,,,,
,,,,
,,,,
,,,,
,,,,
,,,,
,,,,
,,,,
,,,,
,,,,
,,,,
,,,,
,,,,
,,,,
,,,,
,,,,
,,,,
,,,,
,,,,
,,,,
,,,,
,,,,
,,,,
,,,,
,,,,
,,,,
,,,,
,,,,
,,,,
,,,,
,,,,
,,,,
,,,,
,,,,
,,,,
,,,,
,,,,
,,,,
,,,,
,,,,
,,,,
,,,,
,,,,
,,,,
,,,,
,,,,
,,,,
,,,,
,,,,
,,,,
,,,,
,,,,
,,,,
,,,,
,,,,
,,,,
,,,,
,,,,
,,,,
,,,,
,,,,
,,,,
,,,,
,,,,
,,,,
,,,,
,,,,
,,,,
,,,,
,,,,
,,,,
,,,,
,,,,
,,,,
,,,,
,,,,
,,,,
,,,,
,,,,
,,,,
,,,,
,,,,
,,,,
,,,,
,,,,
,,,,
,,,,
,,,,
,,,,
,,,,
,,,,
,,,,
,,,,
,,,,
,,,,
,,,,
,,,,
,,,,
,,,,
,,,,
,,,,
,,,,
,,,,
,,,,
,,,,
,,,,
,,,,
,,,,
,,,,
,,,,
,,,,
,,,,
,,,,
,,,,
,,,,
,,,,
,,,,
,,,,
,,,,
,,,,
,,,,
,,,,
,,,,
,,,,
,,,,
,,,,
,,,,
,,,,
,,,,
,,,,
,,,,
,,,,
,,,,
,,,,
,,,,
,,,,
,,,,
,,,,
,,,,
,,,,
,,,,
,,,,
,,,,
,,,,
,,,,
,,,,
,,,,
,,,,
,,,,
,,,,
,,,,
,,,,
,,,,
,,,,
,,,,
,,,,
,,,,
,,,,
,,,,
,,,,
,,,,
,,,,
,,,,
,,,,
,,,,
,,,,
,,,,
,,,,
,,,,
,,,,
,,,,
,,,,
,,,,
,,,,
,,,,
,,,,
,,,,
,,,,
,,,,
,,,,
,,,,
,,,,
,,,,
,,,,
,,,,
,,,,
,,,,
,,,,
,,,,
,,,,
,,,,
,,,,
,,,,
,,,,
,,,,
,,,,
,,,,
,,,,
,,,,
,,,,
,,,,
,,,,
,,,,
,,,,
,,,,
,,,,
,,,,
,,,,
,,,,
,,,,
,,,,
,,,,
,,,,
,,,,
,,,,
,,,,
,,,,
,,,,
,,,,
,,,,
,,,,
,,,,
,,,,
,,,,
,,,,
,,,,
,,,,
,,,,
,,,,
,,,,
,,,,
,,,,
,,,,
,,,,
,,,,
,,,,
,,,,
,,,,
,,,,
,,,,
,,,,
,,,,
,,,,
,,,,
,,,,
,,,,
,,,,
,,,,
,,,,
,,,,
,,,,
,,,,
,,,,
,,,,
,,,,
,,,,
,,,,
,,,,
,,,,
,,,,
,,,,
,,,,
,,,,
,,,,
,,,,
,,,,
,,,,
,,,,
,,,,
,,,,
,,,,
,,,,
,,,,
,,,,
,,,,
,,,,
,,,,
,,,,
,,,,
,,,,
,,,,
,,,,
,,,,
,,,,
,,,,
,,,,
,,,,
,,,,
,,,,
,,,,
,,,,
,,,,
,,,,
,,,,
,,,,
,,,,
,,,,
,,,,
,,,,
,,,,
,,,,
,,,,
,,,,
,,,,
,,,,
,,,,
,,,,
,,,,
,,,,
,,,,
,,,,
,,,,
,,,,
,,,,
,,,,
,,,,
,,,,
,,,,
,,,,
,,,,
,,,,
,,,,
,,,,
,,,,
,,,,
,,,,
,,,,
,,,,
,,,,
,,,,
,,,,
,,,,
,,,,
,,,,
,,,,
,,,,
,,,,
,,,,
,,,,
,,,,
,,,,
,,,,
,,,,
,,,,
,,,,
,,,,
,,,,
,,,,
,,,,
,,,,
,,,,
,,,,
,,,,
,,,,
,,,,
,,,,
,,,,
,,,,
,,,,
,,,,
,,,,
,,,,
,,,,
,,,,
,,,,
,,,,
,,,,
,,,,
,,,,
,,,,
,,,,
,,,,
,,,,
,,,,
,,,,
,,,,
,,,,
,,,,
,,,,
,,,,
,,,,
,,,,
,,,,
,,,,
,,,,
,,,,
,,,,
,,,,
,,,,
,,,,
,,,,
,,,,
,,,,
,,,,
,,,,
,,,,
,,,,
,,,,
,,,,
,,,,
,,,,
,,,,
,,,,
,,,,
,,,,
,,,,
,,,,
,,,,
,,,,
,,,,
,,,,
,,,,
,,,,
,,,,
,,,,
,,,,
,,,,
,,,,
,,,,
,,,,
,,,,
,,,,
,,,,
,,,,
,,,,
,,,,
,,,,
,,,,
,,,,
,,,,
,,,,
,,,,
,,,,
,,,,
,,,,
,,,,
,,,,
,,,,
,,,,
,,,,
,,,,
,,,,
,,,,
,,,,
,,,,
,,,,
,,,,
,,,,
,,,,
,,,,
,,,,
,,,,
,,,,
,,,,
,,,,
,,,,
,,,,
,,,,
,,,,
,,,,
,,,,
,,,,
,,,,
,,,,
,,,,
,,,,
,,,,
,,,,
,,,,
,,,,
,,,,
,,,,
,,,,
,,,,
,,,,
,,,,
,,,,
,,,,
,,,,
,,,,
,,,,
,,,,
,,,,
,,,,
,,,,
,,,,
,,,,
,,,,
,,,,
,,,,
,,,,
,,,,
,,,,
,,,,
,,,,
,,,,
,,,,
,,,,
,,,,
,,,,
,,,,
,,,,
,,,,
,,,,
,,,,
,,,,
,,,,
,,,,
,,,,
,,,,
,,,,
,,,,
,,,,
,,,,
,,,,
,,,,
,,,,
,,,,
,,,,
,,,,
,,,,
,,,,
,,,,
,,,,
,,,,
,,,,
,,,,
,,,,
,,,,
,,,,
,,,,
,,,,
,,,,
,,,,
,,,,
,,,,
,,,,
,,,,
,,,,
,,,,
,,,,
,,,,
,,,,
,,,,
,,,,
,,,,
,,,,
,,,,
,,,,
,,,,
,,,,
,,,,
,,,,
,,,,
,,,,
,,,,
,,,,
,,,,
,,,,
,,,,
,,,,
,,,,
,,,,
,,,,
,,,,
,,,,
,,,,
,,,,
,,,,
,,,,
,,,,
,,,,
,,,,
,,,,
,,,,
,,,,
,,,,
,,,,
,,,,
,,,,
,,,,
,,,,
,,,,
,,,,
,,,,
,,,,
,,,,
,,,,
,,,,
,,,,
,,,,
,,,,
,,,,
,,,,
,,,,
,,,,
,,,,
,,,,
,,,,
,,,,
,,,,
,,,,
,,,,
,,,,
,,,,
,,,,
,,,,
,,,,
,,,,
,,,,
,,,,
,,,,
,,,,
,,,,
,,,,
,,,,
,,,,
,,,,
,,,,
,,,,
,,,,
,,,,
,,,,
,,,,
,,,,
,,,,
,,,,
,,,,
,,,,
,,,,
,,,,
,,,,
,,,,
,,,,
,,,,
,,,,
,,,,
,,,,
,,,,
,,,,
,,,,
,,,,
,,,,
,,,,
,,,,
,,,,
,,,,
,,,,
,,,,
,,,,
,,,,
,,,,
,,,,
,,,,
,,,,
,,,,
,,,,
,,,,
,,,,
,,,,
,,,,
,,,,
,,,,
,,,,
,,,,
,,,,
,,,,
,,,,
,,,,
,,,,
,,,,
,,,,
,,,,
,,,,
,,,,
,,,,
,,,,
,,,,
,,,,
,,,,
,,,,
,,,,
,,,,
,,,,
,,,,
,,,,
,,,,
,,,,
,,,,
,,,,
,,,,
,,,,
,,,,
,,,,
,,,,
,,,,
,,,,
,,,,
,,,,
,,,,
,,,,
,,,,
,,,,
,,,,
,,,,
,,,,
,,,,
,,,,
,,,,
,,,,
,,,,
,,,,
,,,,
,,,,
,,,,
,,,,
,,,,
,,,,
,,,,
,,,,
,,,,
,,,,
,,,,
,,,,
,,,,
,,,,
,,,,
,,,,
,,,,
,,,,
,,,,
,,,,
,,,,
,,,,
,,,,
,,,,
,,,,
,,,,
,,,,
,,,,
,,,,
,,,,
,,,,
,,,,
,,,,
,,,,
,,,,
,,,,
,,,,
,,,,
,,,,
,,,,
,,,,
,,,,
,,,,
,,,,
,,,,
,,,,
,,,,
,,,,
,,,,
,,,,
,,,,
,,,,
,,,,
,,,,
,,,,
,,,,
,,,,
,,,,
,,,,
,,,,
,,,,
,,,,
,,,,
,,,,
,,,,
,,,,
,,,,
,,,,
,,,,
,,,,
,,,,
,,,,
,,,,
,,,,
,,,,
,,,,
,,,,
,,,,
,,,,
,,,,
,,,,
,,,,
,,,,
,,,,
,,,,
,,,,
,,,,
,,,,
,,,,
,,,,
,,,,
,,,,
,,,,
,,,,
,,,,
,,,,
,,,,
,,,,
,,,,
,,,,
,,,,
,,,,
,,,,
,,,,
,,,,
,,,,
,,,,
,,,,
,,,,
,,,,
,,,,
,,,,
,,,,
,,,,
,,,,
,,,,
,,,,
,,,,
,,,,
,,,,
,,,,
,,,,
,,,,
,,,,
,,,,
,,,,
,,,,
,,,,
,,,,
,,,,
,,,,
,,,,
,,,,
,,,,
,,,,
,,,,
,,,,
,,,,
,,,,
,,,,
,,,,
,,,,
,,,,
,,,,
,,,,
,,,,
,,,,
,,,,
,,,,
,,,,
,,,,
,,,,
,,,,
,,,,
,,,,
,,,,
,,,,
,,,,
,,,,
,,,,
,,,,
,,,,
,,,,
,,,,
,,,,
,,,,
,,,,
,,,,
,,,,
,,,,
,,,,
,,,,
,,,,
,,,,
,,,,
,,,,
,,,,
,,,,
,,,,
,,,,
,,,,
,,,,
,,,,
,,,,
,,,,
,,,,
,,,,
,,,,
,,,,
,,,,
,,,,
,,,,
,,,,
,,,,
,,,,
,,,,
,,,,
,,,,
,,,,
,,,,
,,,,
,,,,
,,,,
,,,,
,,,,
,,,,
,,,,
,,,,
,,,,
,,,,
,,,,
,,,,
,,,,
,,,,
,,,,
,,,,
,,,,
,,,,
,,,,
,,,,
,,,,
,,,,
,,,,
,,,,
,,,,
,,,,
,,,,
,,,,
,,,,
,,,,
,,,,
,,,,
,,,,
,,,,
,,,,
,,,,
,,,,
,,,,
,,,,
,,,,
,,,,
,,,,
,,,,
,,,,
,,,,
,,,,
,,,,
,,,,
,,,,
,,,,
,,,,
,,,,
,,,,
,,,,
,,,,
,,,,
,,,,
,,,,
,,,,
,,,,
,,,,
,,,,
,,,,
,,,,
,,,,
,,,,
,,,,
,,,,
,,,,
,,,,
,,,,
,,,,
,,,,
,,,,
,,,,
,,,,
,,,,
,,,,
,,,,
,,,,
,,,,
,,,,
,,,,
,,,,
,,,,
,,,,
,,,,
,,,,
,,,,
,,,,
,,,,
,,,,
,,,,
,,,,
,,,,
,,,,
,,,,
,,,,
,,,,
,,,,
,,,,
,,,,
,,,,
,,,,
,,,,
,,,,
